mofu_sku,product_name,product_id,mofu_import_key,mofu_import_source,mofu_import_schema,supplier_sku,brand,category,active_hkd_price_count,inactive_hkd_price_count,product_metadata_key_count,active_hkd_price_metadata_key_counts,inactive_hkd_price_metadata_key_counts,exclusion_reasons,supported_cost_product_field,supported_cost_product_value,supported_cost_active_price_locations,supported_cost_inactive_price_locations,supported_margin_active_price_locations,supported_margin_inactive_price_locations,supported_fx_active_price_locations,supported_fx_inactive_price_locations,supported_rounding_active_price_locations,supported_rounding_inactive_price_locations,supported_margin_product_field,supported_margin_product_value,supported_fx_product_field,supported_fx_product_value,supported_rounding_product_field,supported_rounding_product_value,pricing_related_product_metadata,pricing_related_active_price_metadata,pricing_related_inactive_price_metadata
MH-CAT-CIAO-029,CIAO 炙烤盛宴｜香烤鰹魚干瑤柱 (高齡貓用)｜50g,prod_V8fduDqyGKiazf,ciao-vetslabo-2026::ciaovl-01,products_20_list.csv,ciao-vetslabo-cats-v1,CIAOVL-01,CIAO 炙烤盛宴,cats,1,1,30,[13],[9],cost_cny_not_found_in_supported_product_or_active_price_fields;target_margin_not_found_or_invalid_in_supported_product_metadata;cny_to_hkd_not_found_or_invalid_in_supported_product_metadata;upward_90_rounding_not_found_or_unsupported_in_product_metadata,,,[],[],[],[],[],[],[],[],,,,,,,"{""compare_at_price_currency"":""hkd"",""compare_at_price_hkd"":""18.00"",""compare_at_price_schema"":""v1""}","[{""metadata"":{""compare_at_price_currency"":""hkd"",""compare_at_price_hkd"":""18.00"",""compare_at_price_schema"":""v1"",""mofu_tail_rounding_new_hkd"":""16.90"",""mofu_tail_rounding_old_hkd"":""16.00"",""mofu_tail_rounding_rule"":""ceil_to_90_v1"",""mofu_tail_rounding_source_price_id"":""price_1U8OIeRyM6dRKLtZNHUpjECK""},""price_id"":""price_1U8VfZRyM6dRKLtZOVHdViM0""}]","[{""metadata"":{""compare_at_price_currency"":""hkd"",""compare_at_price_hkd"":""18.00"",""compare_at_price_schema"":""v1""},""price_id"":""price_1U8OIeRyM6dRKLtZNHUpjECK""}]"
MH-CAT-CIAO-030,CIAO 炙烤盛宴｜香烤扇貝柱 (高齡貓用)｜50g,prod_V8fd05UFEZNURC,ciao-vetslabo-2026::ciaovl-02,products_20_list.csv,ciao-vetslabo-cats-v1,CIAOVL-02,CIAO 炙烤盛宴,cats,1,1,30,[13],[9],cost_cny_not_found_in_supported_product_or_active_price_fields;target_margin_not_found_or_invalid_in_supported_product_metadata;cny_to_hkd_not_found_or_invalid_in_supported_product_metadata;upward_90_rounding_not_found_or_unsupported_in_product_metadata,,,[],[],[],[],[],[],[],[],,,,,,,"{""compare_at_price_currency"":""hkd"",""compare_at_price_hkd"":""18.00"",""compare_at_price_schema"":""v1""}","[{""metadata"":{""compare_at_price_currency"":""hkd"",""compare_at_price_hkd"":""18.00"",""compare_at_price_schema"":""v1"",""mofu_tail_rounding_new_hkd"":""16.90"",""mofu_tail_rounding_old_hkd"":""16.00"",""mofu_tail_rounding_rule"":""ceil_to_90_v1"",""mofu_tail_rounding_source_price_id"":""price_1U8OIfRyM6dRKLtZtgeVxS5h""},""price_id"":""price_1U8VfXRyM6dRKLtZFvN0Equa""}]","[{""metadata"":{""compare_at_price_currency"":""hkd"",""compare_at_price_hkd"":""18.00"",""compare_at_price_schema"":""v1""},""price_id"":""price_1U8OIfRyM6dRKLtZtgeVxS5h""}]"
MH-CAT-CIAO-031,CIAO 炙烤盛宴｜扇貝柱正宗高湯｜50g,prod_V8fdpmkax4VOq1,ciao-vetslabo-2026::ciaovl-03,products_20_list.csv,ciao-vetslabo-cats-v1,CIAOVL-03,CIAO 炙烤盛宴,cats,1,1,27,[13],[9],cost_cny_not_found_in_supported_product_or_active_price_fields;target_margin_not_found_or_invalid_in_supported_product_metadata;cny_to_hkd_not_found_or_invalid_in_supported_product_metadata;upward_90_rounding_not_found_or_unsupported_in_product_metadata,,,[],[],[],[],[],[],[],[],,,,,,,"{""compare_at_price_currency"":""hkd"",""compare_at_price_hkd"":""18.00"",""compare_at_price_schema"":""v1""}","[{""metadata"":{""compare_at_price_currency"":""hkd"",""compare_at_price_hkd"":""18.00"",""compare_at_price_schema"":""v1"",""mofu_tail_rounding_new_hkd"":""16.90"",""mofu_tail_rounding_old_hkd"":""16.00"",""mofu_tail_rounding_rule"":""ceil_to_90_v1"",""mofu_tail_rounding_source_price_id"":""price_1U8OIgRyM6dRKLtZ71U8A42R""},""price_id"":""price_1U8VfNRyM6dRKLtZ71a6mIuN""}]","[{""metadata"":{""compare_at_price_currency"":""hkd"",""compare_at_price_hkd"":""18.00"",""compare_at_price_schema"":""v1""},""price_id"":""price_1U8OIgRyM6dRKLtZ71U8A42R""}]"
MH-CAT-CIAO-032,CIAO 炙烤盛宴｜烤鰹魚含小銀魚+扇貝柱｜50g,prod_V8fdnUyX0IymBN,ciao-vetslabo-2026::ciaovl-04,products_20_list.csv,ciao-vetslabo-cats-v1,CIAOVL-04,CIAO 炙烤盛宴,cats,1,1,27,[13],[9],cost_cny_not_found_in_supported_product_or_active_price_fields;target_margin_not_found_or_invalid_in_supported_product_metadata;cny_to_hkd_not_found_or_invalid_in_supported_product_metadata;upward_90_rounding_not_found_or_unsupported_in_product_metadata,,,[],[],[],[],[],[],[],[],,,,,,,"{""compare_at_price_currency"":""hkd"",""compare_at_price_hkd"":""18.00"",""compare_at_price_schema"":""v1""}","[{""metadata"":{""compare_at_price_currency"":""hkd"",""compare_at_price_hkd"":""18.00"",""compare_at_price_schema"":""v1"",""mofu_tail_rounding_new_hkd"":""16.90"",""mofu_tail_rounding_old_hkd"":""16.00"",""mofu_tail_rounding_rule"":""ceil_to_90_v1"",""mofu_tail_rounding_source_price_id"":""price_1U8OIhRyM6dRKLtZCFhTVvpP""},""price_id"":""price_1U8VfSRyM6dRKLtZeHgrgP2N""}]","[{""metadata"":{""compare_at_price_currency"":""hkd"",""compare_at_price_hkd"":""18.00"",""compare_at_price_schema"":""v1""},""price_id"":""price_1U8OIhRyM6dRKLtZCFhTVvpP""}]"
MH-CAT-CIAO-033,CIAO 炙烤盛宴｜炙烤雞胸肉含蟹肉棒+扇貝柱｜50g,prod_V8fep70tdjHDoG,ciao-vetslabo-2026::ciaovl-05,products_20_list.csv,ciao-vetslabo-cats-v1,CIAOVL-05,CIAO 炙烤盛宴,cats,1,1,27,[13],[9],cost_cny_not_found_in_supported_product_or_active_price_fields;target_margin_not_found_or_invalid_in_supported_product_metadata;cny_to_hkd_not_found_or_invalid_in_supported_product_metadata;upward_90_rounding_not_found_or_unsupported_in_product_metadata,,,[],[],[],[],[],[],[],[],,,,,,,"{""compare_at_price_currency"":""hkd"",""compare_at_price_hkd"":""18.00"",""compare_at_price_schema"":""v1""}","[{""metadata"":{""compare_at_price_currency"":""hkd"",""compare_at_price_hkd"":""18.00"",""compare_at_price_schema"":""v1"",""mofu_tail_rounding_new_hkd"":""16.90"",""mofu_tail_rounding_old_hkd"":""16.00"",""mofu_tail_rounding_rule"":""ceil_to_90_v1"",""mofu_tail_rounding_source_price_id"":""price_1U8OIjRyM6dRKLtZF9zEr29F""},""price_id"":""price_1U8VfQRyM6dRKLtZr1rEXVaM""}]","[{""metadata"":{""compare_at_price_currency"":""hkd"",""compare_at_price_hkd"":""18.00"",""compare_at_price_schema"":""v1""},""price_id"":""price_1U8OIjRyM6dRKLtZF9zEr29F""}]"
MH-CAT-CIAO-034,CIAO 超強乳酸菌｜金槍魚雞肉鰹魚｜40g,prod_V8feoZ4v72AX1T,ciao-vetslabo-2026::ciaovl-06,products_20_list.csv,ciao-vetslabo-cats-v1,CIAOVL-06,CIAO 超強乳酸菌,cats,1,1,27,[13],[9],cost_cny_not_found_in_supported_product_or_active_price_fields;target_margin_not_found_or_invalid_in_supported_product_metadata;cny_to_hkd_not_found_or_invalid_in_supported_product_metadata;upward_90_rounding_not_found_or_unsupported_in_product_metadata,,,[],[],[],[],[],[],[],[],,,,,,,"{""compare_at_price_currency"":""hkd"",""compare_at_price_hkd"":""14.00"",""compare_at_price_schema"":""v1""}","[{""metadata"":{""compare_at_price_currency"":""hkd"",""compare_at_price_hkd"":""14.00"",""compare_at_price_schema"":""v1"",""mofu_tail_rounding_new_hkd"":""12.90"",""mofu_tail_rounding_old_hkd"":""12.00"",""mofu_tail_rounding_rule"":""ceil_to_90_v1"",""mofu_tail_rounding_source_price_id"":""price_1U8OIkRyM6dRKLtZqtC12lss""},""price_id"":""price_1U8VfcRyM6dRKLtZmgPvy27P""}]","[{""metadata"":{""compare_at_price_currency"":""hkd"",""compare_at_price_hkd"":""14.00"",""compare_at_price_schema"":""v1""},""price_id"":""price_1U8OIkRyM6dRKLtZqtC12lss""}]"
MH-CAT-CIAO-035,CIAO 炙烤盛宴｜化毛呵護鰹魚片扇貝柱｜50g,prod_V8fe010ZPXAJ1J,ciao-vetslabo-2026::ciaovl-07,products_20_list.csv,ciao-vetslabo-cats-v1,CIAOVL-07,CIAO 炙烤盛宴,cats,1,1,28,[13],[9],cost_cny_not_found_in_supported_product_or_active_price_fields;target_margin_not_found_or_invalid_in_supported_product_metadata;cny_to_hkd_not_found_or_invalid_in_supported_product_metadata;upward_90_rounding_not_found_or_unsupported_in_product_metadata,,,[],[],[],[],[],[],[],[],,,,,,,"{""compare_at_price_currency"":""hkd"",""compare_at_price_hkd"":""18.00"",""compare_at_price_schema"":""v1""}","[{""metadata"":{""compare_at_price_currency"":""hkd"",""compare_at_price_hkd"":""18.00"",""compare_at_price_schema"":""v1"",""mofu_tail_rounding_new_hkd"":""16.90"",""mofu_tail_rounding_old_hkd"":""16.00"",""mofu_tail_rounding_rule"":""ceil_to_90_v1"",""mofu_tail_rounding_source_price_id"":""price_1U8OIlRyM6dRKLtZV4CPYsXS""},""price_id"":""price_1U8VfJRyM6dRKLtZYUNbtDOa""}]","[{""metadata"":{""compare_at_price_currency"":""hkd"",""compare_at_price_hkd"":""18.00"",""compare_at_price_schema"":""v1""},""price_id"":""price_1U8OIlRyM6dRKLtZV4CPYsXS""}]"
MH-CAT-CIAO-036,CIAO 炙烤盛宴｜雞胸肉扇貝柱｜50g,prod_V8fe4RA15lCQZO,ciao-vetslabo-2026::ciaovl-08,products_20_list.csv,ciao-vetslabo-cats-v1,CIAOVL-08,CIAO 炙烤盛宴,cats,1,1,27,[13],[9],cost_cny_not_found_in_supported_product_or_active_price_fields;target_margin_not_found_or_invalid_in_supported_product_metadata;cny_to_hkd_not_found_or_invalid_in_supported_product_metadata;upward_90_rounding_not_found_or_unsupported_in_product_metadata,,,[],[],[],[],[],[],[],[],,,,,,,"{""compare_at_price_currency"":""hkd"",""compare_at_price_hkd"":""18.00"",""compare_at_price_schema"":""v1""}","[{""metadata"":{""compare_at_price_currency"":""hkd"",""compare_at_price_hkd"":""18.00"",""compare_at_price_schema"":""v1"",""mofu_tail_rounding_new_hkd"":""16.90"",""mofu_tail_rounding_old_hkd"":""16.00"",""mofu_tail_rounding_rule"":""ceil_to_90_v1"",""mofu_tail_rounding_source_price_id"":""price_1U8OImRyM6dRKLtZVZ7dbbQE""},""price_id"":""price_1U8VfVRyM6dRKLtZhrXqqdFe""}]","[{""metadata"":{""compare_at_price_currency"":""hkd"",""compare_at_price_hkd"":""18.00"",""compare_at_price_schema"":""v1""},""price_id"":""price_1U8OImRyM6dRKLtZVZ7dbbQE""}]"
MH-CAT-CIAO-037,CIAO 超強乳酸菌｜鮪魚雞肉柴魚片高湯｜40g,prod_V8feXQdvRNrV4B,ciao-vetslabo-2026::ciaovl-09,products_20_list.csv,ciao-vetslabo-cats-v1,CIAOVL-09,CIAO 超強乳酸菌,cats,1,1,27,[13],[9],cost_cny_not_found_in_supported_product_or_active_price_fields;target_margin_not_found_or_invalid_in_supported_product_metadata;cny_to_hkd_not_found_or_invalid_in_supported_product_metadata;upward_90_rounding_not_found_or_unsupported_in_product_metadata,,,[],[],[],[],[],[],[],[],,,,,,,"{""compare_at_price_currency"":""hkd"",""compare_at_price_hkd"":""14.00"",""compare_at_price_schema"":""v1""}","[{""metadata"":{""compare_at_price_currency"":""hkd"",""compare_at_price_hkd"":""14.00"",""compare_at_price_schema"":""v1"",""mofu_tail_rounding_new_hkd"":""12.90"",""mofu_tail_rounding_old_hkd"":""12.00"",""mofu_tail_rounding_rule"":""ceil_to_90_v1"",""mofu_tail_rounding_source_price_id"":""price_1U8OInRyM6dRKLtZDcTgB24x""},""price_id"":""price_1U8VffRyM6dRKLtZQ1rrh41H""}]","[{""metadata"":{""compare_at_price_currency"":""hkd"",""compare_at_price_hkd"":""14.00"",""compare_at_price_schema"":""v1""},""price_id"":""price_1U8OInRyM6dRKLtZDcTgB24x""}]"
MH-CAT-CIAO-038,CIAO 超強乳酸菌｜雞肉鰹魚干高湯｜40g,prod_V8feeIGBK4DYB1,ciao-vetslabo-2026::ciaovl-10,products_20_list.csv,ciao-vetslabo-cats-v1,CIAOVL-10,CIAO 超強乳酸菌,cats,1,1,27,[13],[9],cost_cny_not_found_in_supported_product_or_active_price_fields;target_margin_not_found_or_invalid_in_supported_product_metadata;cny_to_hkd_not_found_or_invalid_in_supported_product_metadata;upward_90_rounding_not_found_or_unsupported_in_product_metadata,,,[],[],[],[],[],[],[],[],,,,,,,"{""compare_at_price_currency"":""hkd"",""compare_at_price_hkd"":""14.00"",""compare_at_price_schema"":""v1""}","[{""metadata"":{""compare_at_price_currency"":""hkd"",""compare_at_price_hkd"":""14.00"",""compare_at_price_schema"":""v1"",""mofu_tail_rounding_new_hkd"":""12.90"",""mofu_tail_rounding_old_hkd"":""12.00"",""mofu_tail_rounding_rule"":""ceil_to_90_v1"",""mofu_tail_rounding_source_price_id"":""price_1U8OIoRyM6dRKLtZJY98Voqj""},""price_id"":""price_1U8VfdRyM6dRKLtZBZUCAmmJ""}]","[{""metadata"":{""compare_at_price_currency"":""hkd"",""compare_at_price_hkd"":""14.00"",""compare_at_price_schema"":""v1""},""price_id"":""price_1U8OIoRyM6dRKLtZJY98Voqj""}]"
MH-CAT-CIAO-039,CIAO 炙烤盛宴｜鰹魚干扇貝味 (香烤風味)｜30g,prod_V8fefdYTxUdNva,ciao-vetslabo-2026::ciaovl-11,products_20_list.csv,ciao-vetslabo-cats-v1,CIAOVL-11,CIAO 炙烤盛宴,cats,1,1,27,[13],[9],cost_cny_not_found_in_supported_product_or_active_price_fields;target_margin_not_found_or_invalid_in_supported_product_metadata;cny_to_hkd_not_found_or_invalid_in_supported_product_metadata;upward_90_rounding_not_found_or_unsupported_in_product_metadata,,,[],[],[],[],[],[],[],[],,,,,,,"{""compare_at_price_currency"":""hkd"",""compare_at_price_hkd"":""16.00"",""compare_at_price_schema"":""v1""}","[{""metadata"":{""compare_at_price_currency"":""hkd"",""compare_at_price_hkd"":""16.00"",""compare_at_price_schema"":""v1"",""mofu_tail_rounding_new_hkd"":""14.90"",""mofu_tail_rounding_old_hkd"":""14.00"",""mofu_tail_rounding_rule"":""ceil_to_90_v1"",""mofu_tail_rounding_source_price_id"":""price_1U8OIpRyM6dRKLtZRiQbHNJo""},""price_id"":""price_1U8VfaRyM6dRKLtZnd4iwlcL""}]","[{""metadata"":{""compare_at_price_currency"":""hkd"",""compare_at_price_hkd"":""16.00"",""compare_at_price_schema"":""v1""},""price_id"":""price_1U8OIpRyM6dRKLtZRiQbHNJo""}]"
MH-CAT-CIAO-040,CIAO 炙烤盛宴｜北海道風味扇貝 (香烤風味)｜30g,prod_V8feNaBEY6Pn28,ciao-vetslabo-2026::ciaovl-12,products_20_list.csv,ciao-vetslabo-cats-v1,CIAOVL-12,CIAO 炙烤盛宴,cats,1,1,27,[13],[9],cost_cny_not_found_in_supported_product_or_active_price_fields;target_margin_not_found_or_invalid_in_supported_product_metadata;cny_to_hkd_not_found_or_invalid_in_supported_product_metadata;upward_90_rounding_not_found_or_unsupported_in_product_metadata,,,[],[],[],[],[],[],[],[],,,,,,,"{""compare_at_price_currency"":""hkd"",""compare_at_price_hkd"":""16.00"",""compare_at_price_schema"":""v1""}","[{""metadata"":{""compare_at_price_currency"":""hkd"",""compare_at_price_hkd"":""16.00"",""compare_at_price_schema"":""v1"",""mofu_tail_rounding_new_hkd"":""14.90"",""mofu_tail_rounding_old_hkd"":""14.00"",""mofu_tail_rounding_rule"":""ceil_to_90_v1"",""mofu_tail_rounding_source_price_id"":""price_1U8OIqRyM6dRKLtZQnHygB0m""},""price_id"":""price_1U8VfLRyM6dRKLtZ5nEpH6ij""}]","[{""metadata"":{""compare_at_price_currency"":""hkd"",""compare_at_price_hkd"":""16.00"",""compare_at_price_schema"":""v1""},""price_id"":""price_1U8OIqRyM6dRKLtZQnHygB0m""}]"
MH-CAT-CIAO-041,CIAO 炙烤盛宴｜銀魚扇貝味 (香烤風味)｜30g,prod_V8fenfKdEjRnr7,ciao-vetslabo-2026::ciaovl-13,products_20_list.csv,ciao-vetslabo-cats-v1,CIAOVL-13,CIAO 炙烤盛宴,cats,1,1,27,[13],[9],cost_cny_not_found_in_supported_product_or_active_price_fields;target_margin_not_found_or_invalid_in_supported_product_metadata;cny_to_hkd_not_found_or_invalid_in_supported_product_metadata;upward_90_rounding_not_found_or_unsupported_in_product_metadata,,,[],[],[],[],[],[],[],[],,,,,,,"{""compare_at_price_currency"":""hkd"",""compare_at_price_hkd"":""16.00"",""compare_at_price_schema"":""v1""}","[{""metadata"":{""compare_at_price_currency"":""hkd"",""compare_at_price_hkd"":""16.00"",""compare_at_price_schema"":""v1"",""mofu_tail_rounding_new_hkd"":""14.90"",""mofu_tail_rounding_old_hkd"":""14.00"",""mofu_tail_rounding_rule"":""ceil_to_90_v1"",""mofu_tail_rounding_source_price_id"":""price_1U8OIrRyM6dRKLtZwDgyu8Qz""},""price_id"":""price_1U8VfURyM6dRKLtZsfDqR6c3""}]","[{""metadata"":{""compare_at_price_currency"":""hkd"",""compare_at_price_hkd"":""16.00"",""compare_at_price_schema"":""v1""},""price_id"":""price_1U8OIrRyM6dRKLtZwDgyu8Qz""}]"
MH-CAT-CIAO-042,CIAO 炙烤盛宴｜正宗高湯味 (香烤風味)｜30g,prod_V8fe3PM27QjYNh,ciao-vetslabo-2026::ciaovl-14,products_20_list.csv,ciao-vetslabo-cats-v1,CIAOVL-14,CIAO 炙烤盛宴,cats,1,1,27,[13],[9],cost_cny_not_found_in_supported_product_or_active_price_fields;target_margin_not_found_or_invalid_in_supported_product_metadata;cny_to_hkd_not_found_or_invalid_in_supported_product_metadata;upward_90_rounding_not_found_or_unsupported_in_product_metadata,,,[],[],[],[],[],[],[],[],,,,,,,"{""compare_at_price_currency"":""hkd"",""compare_at_price_hkd"":""16.00"",""compare_at_price_schema"":""v1""}","[{""metadata"":{""compare_at_price_currency"":""hkd"",""compare_at_price_hkd"":""16.00"",""compare_at_price_schema"":""v1"",""mofu_tail_rounding_new_hkd"":""14.90"",""mofu_tail_rounding_old_hkd"":""14.00"",""mofu_tail_rounding_rule"":""ceil_to_90_v1"",""mofu_tail_rounding_source_price_id"":""price_1U8OIsRyM6dRKLtZXP50wjXL""},""price_id"":""price_1U8VfPRyM6dRKLtZSELHnoX6""}]","[{""metadata"":{""compare_at_price_currency"":""hkd"",""compare_at_price_hkd"":""16.00"",""compare_at_price_schema"":""v1""},""price_id"":""price_1U8OIsRyM6dRKLtZXP50wjXL""}]"
MH-CAT-CIAO-043,CIAO Premium｜6種功能性成分 (鰹魚雞胸肉木魚花)｜30g,prod_V8fe1kWPFBfcKh,ciao-vetslabo-2026::ciaovl-15,products_20_list.csv,ciao-vetslabo-cats-v1,CIAOVL-15,CIAO Premium,cats,1,1,27,[13],[9],cost_cny_not_found_in_supported_product_or_active_price_fields;target_margin_not_found_or_invalid_in_supported_product_metadata;cny_to_hkd_not_found_or_invalid_in_supported_product_metadata;upward_90_rounding_not_found_or_unsupported_in_product_metadata,,,[],[],[],[],[],[],[],[],,,,,,,"{""compare_at_price_currency"":""hkd"",""compare_at_price_hkd"":""12.00"",""compare_at_price_schema"":""v1""}","[{""metadata"":{""compare_at_price_currency"":""hkd"",""compare_at_price_hkd"":""12.00"",""compare_at_price_schema"":""v1"",""mofu_tail_rounding_new_hkd"":""10.90"",""mofu_tail_rounding_old_hkd"":""10.00"",""mofu_tail_rounding_rule"":""ceil_to_90_v1"",""mofu_tail_rounding_source_price_id"":""price_1U8OIuRyM6dRKLtZptCjy7AO""},""price_id"":""price_1U8VfIRyM6dRKLtZYp1aULxk""}]","[{""metadata"":{""compare_at_price_currency"":""hkd"",""compare_at_price_hkd"":""12.00"",""compare_at_price_schema"":""v1""},""price_id"":""price_1U8OIuRyM6dRKLtZptCjy7AO""}]"
MH-CAT-CIAO-044,CIAO Premium｜6種功能性成分 (雞胸肉扇貝味)｜30g,prod_V8feew2ryjD7ql,ciao-vetslabo-2026::ciaovl-16,products_20_list.csv,ciao-vetslabo-cats-v1,CIAOVL-16,CIAO Premium,cats,1,1,27,[13],[9],cost_cny_not_found_in_supported_product_or_active_price_fields;target_margin_not_found_or_invalid_in_supported_product_metadata;cny_to_hkd_not_found_or_invalid_in_supported_product_metadata;upward_90_rounding_not_found_or_unsupported_in_product_metadata,,,[],[],[],[],[],[],[],[],,,,,,,"{""compare_at_price_currency"":""hkd"",""compare_at_price_hkd"":""12.00"",""compare_at_price_schema"":""v1""}","[{""metadata"":{""compare_at_price_currency"":""hkd"",""compare_at_price_hkd"":""12.00"",""compare_at_price_schema"":""v1"",""mofu_tail_rounding_new_hkd"":""10.90"",""mofu_tail_rounding_old_hkd"":""10.00"",""mofu_tail_rounding_rule"":""ceil_to_90_v1"",""mofu_tail_rounding_source_price_id"":""price_1U8OIvRyM6dRKLtZqxQP3gmh""},""price_id"":""price_1U8VfGRyM6dRKLtZqnZL6lHd""}]","[{""metadata"":{""compare_at_price_currency"":""hkd"",""compare_at_price_hkd"":""12.00"",""compare_at_price_schema"":""v1""},""price_id"":""price_1U8OIvRyM6dRKLtZqxQP3gmh""}]"
MH-CAT-CIAO-045,Vet's Labo｜MediMousse 腸胃呵護慕斯｜95g,prod_V8feViin1yPowA,ciao-vetslabo-2026::ciaovl-17,products_20_list.csv,ciao-vetslabo-cats-v1,CIAOVL-17,Vet’s Labo,cats,1,1,50,[13],[9],cost_cny_not_found_in_supported_product_or_active_price_fields;target_margin_not_found_or_invalid_in_supported_product_metadata;cny_to_hkd_not_found_or_invalid_in_supported_product_metadata;upward_90_rounding_not_found_or_unsupported_in_product_metadata,,,[],[],[],[],[],[],[],[],,,,,,,"{""compare_at_price_currency"":""hkd"",""compare_at_price_hkd"":""42.00"",""compare_at_price_schema"":""v1""}","[{""metadata"":{""compare_at_price_currency"":""hkd"",""compare_at_price_hkd"":""42.00"",""compare_at_price_schema"":""v1"",""mofu_tail_rounding_new_hkd"":""38.90"",""mofu_tail_rounding_old_hkd"":""38.00"",""mofu_tail_rounding_rule"":""ceil_to_90_v1"",""mofu_tail_rounding_source_price_id"":""price_1U8OIwRyM6dRKLtZIwxF2hDw""},""price_id"":""price_1U8VgJRyM6dRKLtZ4V7rcIn2""}]","[{""metadata"":{""compare_at_price_currency"":""hkd"",""compare_at_price_hkd"":""42.00"",""compare_at_price_schema"":""v1""},""price_id"":""price_1U8OIwRyM6dRKLtZIwxF2hDw""}]"
MH-CAT-CIAO-046,Vet's Labo｜MediMousse 健康支持慕斯｜95g,prod_V8fexvyuSOogz8,ciao-vetslabo-2026::ciaovl-18,products_20_list.csv,ciao-vetslabo-cats-v1,CIAOVL-18,Vet’s Labo,cats,1,1,50,[13],[9],cost_cny_not_found_in_supported_product_or_active_price_fields;target_margin_not_found_or_invalid_in_supported_product_metadata;cny_to_hkd_not_found_or_invalid_in_supported_product_metadata;upward_90_rounding_not_found_or_unsupported_in_product_metadata,,,[],[],[],[],[],[],[],[],,,,,,,"{""compare_at_price_currency"":""hkd"",""compare_at_price_hkd"":""42.00"",""compare_at_price_schema"":""v1""}","[{""metadata"":{""compare_at_price_currency"":""hkd"",""compare_at_price_hkd"":""42.00"",""compare_at_price_schema"":""v1"",""mofu_tail_rounding_new_hkd"":""38.90"",""mofu_tail_rounding_old_hkd"":""38.00"",""mofu_tail_rounding_rule"":""ceil_to_90_v1"",""mofu_tail_rounding_source_price_id"":""price_1U8OIxRyM6dRKLtZGEbyPR7G""},""price_id"":""price_1U8VgFRyM6dRKLtZy9DpjTcg""}]","[{""metadata"":{""compare_at_price_currency"":""hkd"",""compare_at_price_hkd"":""42.00"",""compare_at_price_schema"":""v1""},""price_id"":""price_1U8OIxRyM6dRKLtZGEbyPR7G""}]"
MH-CAT-CIAO-047,Vet's Labo｜MediMousse 皮膚維護慕斯｜95g,prod_V8feexDq7xAidn,ciao-vetslabo-2026::ciaovl-19,products_20_list.csv,ciao-vetslabo-cats-v1,CIAOVL-19,Vet’s Labo,cats,1,1,50,[13],[9],cost_cny_not_found_in_supported_product_or_active_price_fields;target_margin_not_found_or_invalid_in_supported_product_metadata;cny_to_hkd_not_found_or_invalid_in_supported_product_metadata;upward_90_rounding_not_found_or_unsupported_in_product_metadata,,,[],[],[],[],[],[],[],[],,,,,,,"{""compare_at_price_currency"":""hkd"",""compare_at_price_hkd"":""42.00"",""compare_at_price_schema"":""v1""}","[{""metadata"":{""compare_at_price_currency"":""hkd"",""compare_at_price_hkd"":""42.00"",""compare_at_price_schema"":""v1"",""mofu_tail_rounding_new_hkd"":""38.90"",""mofu_tail_rounding_old_hkd"":""38.00"",""mofu_tail_rounding_rule"":""ceil_to_90_v1"",""mofu_tail_rounding_source_price_id"":""price_1U8OIyRyM6dRKLtZbljKKI6m""},""price_id"":""price_1U8VgIRyM6dRKLtZ5N8bJkjF""}]","[{""metadata"":{""compare_at_price_currency"":""hkd"",""compare_at_price_hkd"":""42.00"",""compare_at_price_schema"":""v1""},""price_id"":""price_1U8OIyRyM6dRKLtZbljKKI6m""}]"
MH-CAT-CIAO-048,Vet's Labo｜MediMousse 減肥減脂慕斯｜95g,prod_V8fe6YUsIrEf8Q,ciao-vetslabo-2026::ciaovl-20,products_20_list.csv,ciao-vetslabo-cats-v1,CIAOVL-20,Vet’s Labo,cats,1,1,50,[13],[9],cost_cny_not_found_in_supported_product_or_active_price_fields;target_margin_not_found_or_invalid_in_supported_product_metadata;cny_to_hkd_not_found_or_invalid_in_supported_product_metadata;upward_90_rounding_not_found_or_unsupported_in_product_metadata,,,[],[],[],[],[],[],[],[],,,,,,,"{""compare_at_price_currency"":""hkd"",""compare_at_price_hkd"":""42.00"",""compare_at_price_schema"":""v1""}","[{""metadata"":{""compare_at_price_currency"":""hkd"",""compare_at_price_hkd"":""42.00"",""compare_at_price_schema"":""v1"",""mofu_tail_rounding_new_hkd"":""38.90"",""mofu_tail_rounding_old_hkd"":""38.00"",""mofu_tail_rounding_rule"":""ceil_to_90_v1"",""mofu_tail_rounding_source_price_id"":""price_1U8OIzRyM6dRKLtZ2Fdzyhmv""},""price_id"":""price_1U8VgGRyM6dRKLtZXOrz5nwX""}]","[{""metadata"":{""compare_at_price_currency"":""hkd"",""compare_at_price_hkd"":""42.00"",""compare_at_price_schema"":""v1""},""price_id"":""price_1U8OIzRyM6dRKLtZ2Fdzyhmv""}]"
MH-CAT-CMP-001,COMBO Present 男生喜歡的口味 魚味 小包｜COMBO Present Boy-Friendly Fish Mini Pack,prod_V8crHGAsSzl77H,snack-order-2026::combo-present-boy-friendly-fish-mini-pack,MofuHaven_Order_For_Boss.md,japanese-snacks-v1,,COMBO Present,cats,1,1,27,[10],[6],cost_cny_not_found_in_supported_product_or_active_price_fields;target_margin_not_found_or_invalid_in_supported_product_metadata;cny_to_hkd_not_found_or_invalid_in_supported_product_metadata;upward_90_rounding_not_found_or_unsupported_in_product_metadata,,,[],[],[],[],[],[],[],[],,,,,,,"{""compare_at_price_currency"":""hkd"",""compare_at_price_hkd"":""39"",""compare_at_price_schema"":""v1""}","[{""metadata"":{""compare_at_price_hkd"":""39"",""mofu_tail_rounding_new_hkd"":""32.90"",""mofu_tail_rounding_old_hkd"":""32.00"",""mofu_tail_rounding_rule"":""ceil_to_90_v1"",""mofu_tail_rounding_source_price_id"":""price_1U8LbZRyM6dRKLtZUVnRJrNk""},""price_id"":""price_1U8VfyRyM6dRKLtZv3pqg3t2""}]","[{""metadata"":{""compare_at_price_hkd"":""39""},""price_id"":""price_1U8LbZRyM6dRKLtZUVnRJrNk""}]"
MH-CAT-CMP-002,COMBO Present 潔齒防口臭 混合肉味 小包｜COMBO Present Dental and Breath Care Meat Mini Pack,prod_V8cr9iyVmqUz8O,snack-order-2026::combo-present-dental-and-breath-care-meat-mini-pack,MofuHaven_Order_For_Boss.md,japanese-snacks-v1,,COMBO Present,cats,1,1,27,[10],[6],cost_cny_not_found_in_supported_product_or_active_price_fields;target_margin_not_found_or_invalid_in_supported_product_metadata;cny_to_hkd_not_found_or_invalid_in_supported_product_metadata;upward_90_rounding_not_found_or_unsupported_in_product_metadata,,,[],[],[],[],[],[],[],[],,,,,,,"{""compare_at_price_currency"":""hkd"",""compare_at_price_hkd"":""39"",""compare_at_price_schema"":""v1""}","[{""metadata"":{""compare_at_price_hkd"":""39"",""mofu_tail_rounding_new_hkd"":""32.90"",""mofu_tail_rounding_old_hkd"":""32.00"",""mofu_tail_rounding_rule"":""ceil_to_90_v1"",""mofu_tail_rounding_source_price_id"":""price_1U8LbbRyM6dRKLtZOaVCPtH8""},""price_id"":""price_1U8VfwRyM6dRKLtZTi5PY8Go""}]","[{""metadata"":{""compare_at_price_hkd"":""39""},""price_id"":""price_1U8LbbRyM6dRKLtZOaVCPtH8""}]"
MH-CAT-CMP-003,COMBO Present 潔齒防口臭 混合海鮮 小包｜COMBO Present Dental and Breath Care Seafood Mini Pack,prod_V8crzRJNuOzt2e,snack-order-2026::combo-present-dental-and-breath-care-seafood-mini-pack,MofuHaven_Order_For_Boss.md,japanese-snacks-v1,,COMBO Present,cats,1,1,27,[10],[6],cost_cny_not_found_in_supported_product_or_active_price_fields;target_margin_not_found_or_invalid_in_supported_product_metadata;cny_to_hkd_not_found_or_invalid_in_supported_product_metadata;upward_90_rounding_not_found_or_unsupported_in_product_metadata,,,[],[],[],[],[],[],[],[],,,,,,,"{""compare_at_price_currency"":""hkd"",""compare_at_price_hkd"":""39"",""compare_at_price_schema"":""v1""}","[{""metadata"":{""compare_at_price_hkd"":""39"",""mofu_tail_rounding_new_hkd"":""32.90"",""mofu_tail_rounding_old_hkd"":""32.00"",""mofu_tail_rounding_rule"":""ceil_to_90_v1"",""mofu_tail_rounding_source_price_id"":""price_1U8LbaRyM6dRKLtZOCXpaR83""},""price_id"":""price_1U8VfuRyM6dRKLtZ1Xzbqwgz""}]","[{""metadata"":{""compare_at_price_hkd"":""39""},""price_id"":""price_1U8LbaRyM6dRKLtZOCXpaR83""}]"
MH-CAT-CMP-004,COMBO Present 潔齒防口臭 三種口味｜COMBO Present Dental and Breath Care Three-Flavour Variety Pack,prod_V8crNNIKOTELSy,snack-order-2026::combo-present-dental-and-breath-care-three-flavour-variety-pack,MofuHaven_Order_For_Boss.md,japanese-snacks-v1,,COMBO Present,cats,1,1,27,[10],[6],cost_cny_not_found_in_supported_product_or_active_price_fields;target_margin_not_found_or_invalid_in_supported_product_metadata;cny_to_hkd_not_found_or_invalid_in_supported_product_metadata;upward_90_rounding_not_found_or_unsupported_in_product_metadata,,,[],[],[],[],[],[],[],[],,,,,,,"{""compare_at_price_currency"":""hkd"",""compare_at_price_hkd"":""68"",""compare_at_price_schema"":""v1""}","[{""metadata"":{""compare_at_price_hkd"":""68"",""mofu_tail_rounding_new_hkd"":""58.90"",""mofu_tail_rounding_old_hkd"":""58.00"",""mofu_tail_rounding_rule"":""ceil_to_90_v1"",""mofu_tail_rounding_source_price_id"":""price_1U8LbRRyM6dRKLtZVmZVXHoE""},""price_id"":""price_1U8VftRyM6dRKLtZjUSxlTXX""}]","[{""metadata"":{""compare_at_price_hkd"":""68""},""price_id"":""price_1U8LbRRyM6dRKLtZVmZVXHoE""}]"
MH-CAT-CMP-005,COMBO Present 腸道環境維持 海鮮 小包｜COMBO Present Digestive Support Seafood Mini Pack,prod_V8crT5vLCe95hY,snack-order-2026::combo-present-digestive-support-seafood-mini-pack,MofuHaven_Order_For_Boss.md,japanese-snacks-v1,,COMBO Present,cats,1,1,27,[10],[6],cost_cny_not_found_in_supported_product_or_active_price_fields;target_margin_not_found_or_invalid_in_supported_product_metadata;cny_to_hkd_not_found_or_invalid_in_supported_product_metadata;upward_90_rounding_not_found_or_unsupported_in_product_metadata,,,[],[],[],[],[],[],[],[],,,,,,,"{""compare_at_price_currency"":""hkd"",""compare_at_price_hkd"":""39"",""compare_at_price_schema"":""v1""}","[{""metadata"":{""compare_at_price_hkd"":""39"",""mofu_tail_rounding_new_hkd"":""32.90"",""mofu_tail_rounding_old_hkd"":""32.00"",""mofu_tail_rounding_rule"":""ceil_to_90_v1"",""mofu_tail_rounding_source_price_id"":""price_1U8LbWRyM6dRKLtZjZ0Fjbpy""},""price_id"":""price_1U8VgARyM6dRKLtZ6qLx74OA""}]","[{""metadata"":{""compare_at_price_hkd"":""39""},""price_id"":""price_1U8LbWRyM6dRKLtZjZ0Fjbpy""}]"
MH-CAT-CMP-006,COMBO Present 腸道環境維持 三種口味｜COMBO Present Digestive Support Three-Flavour Variety Pack,prod_V8cr9ARnvUOKQM,snack-order-2026::combo-present-digestive-support-three-flavour-variety-pack,MofuHaven_Order_For_Boss.md,japanese-snacks-v1,,COMBO Present,cats,1,1,27,[10],[6],cost_cny_not_found_in_supported_product_or_active_price_fields;target_margin_not_found_or_invalid_in_supported_product_metadata;cny_to_hkd_not_found_or_invalid_in_supported_product_metadata;upward_90_rounding_not_found_or_unsupported_in_product_metadata,,,[],[],[],[],[],[],[],[],,,,,,,"{""compare_at_price_currency"":""hkd"",""compare_at_price_hkd"":""68"",""compare_at_price_schema"":""v1""}","[{""metadata"":{""compare_at_price_hkd"":""68"",""mofu_tail_rounding_new_hkd"":""58.90"",""mofu_tail_rounding_old_hkd"":""58.00"",""mofu_tail_rounding_rule"":""ceil_to_90_v1"",""mofu_tail_rounding_source_price_id"":""price_1U8LbNRyM6dRKLtZTz6MJhdB""},""price_id"":""price_1U8Vg8RyM6dRKLtZk2x37iHr""}]","[{""metadata"":{""compare_at_price_hkd"":""68""},""price_id"":""price_1U8LbNRyM6dRKLtZTz6MJhdB""}]"
MH-CAT-CMP-007,COMBO Present 女生喜歡口味 混合海鮮 小包｜COMBO Present Girl-Friendly Seafood Mini Pack,prod_V8cr9Jv6Ewv0ui,snack-order-2026::combo-present-girl-friendly-seafood-mini-pack,MofuHaven_Order_For_Boss.md,japanese-snacks-v1,,COMBO Present,cats,1,1,27,[10],[6],cost_cny_not_found_in_supported_product_or_active_price_fields;target_margin_not_found_or_invalid_in_supported_product_metadata;cny_to_hkd_not_found_or_invalid_in_supported_product_metadata;upward_90_rounding_not_found_or_unsupported_in_product_metadata,,,[],[],[],[],[],[],[],[],,,,,,,"{""compare_at_price_currency"":""hkd"",""compare_at_price_hkd"":""39"",""compare_at_price_schema"":""v1""}","[{""metadata"":{""compare_at_price_hkd"":""39"",""mofu_tail_rounding_new_hkd"":""32.90"",""mofu_tail_rounding_old_hkd"":""32.00"",""mofu_tail_rounding_rule"":""ceil_to_90_v1"",""mofu_tail_rounding_source_price_id"":""price_1U8LbXRyM6dRKLtZ0InpOmYa""},""price_id"":""price_1U8VfoRyM6dRKLtZD0xQ0o0K""}]","[{""metadata"":{""compare_at_price_hkd"":""39""},""price_id"":""price_1U8LbXRyM6dRKLtZ0InpOmYa""}]"
MH-CAT-CMP-008,COMBO Present 化毛配方 混合海鮮 小包｜COMBO Present Hairball Care Seafood Mini Pack,prod_V8crpeVGxpASKY,snack-order-2026::combo-present-hairball-care-seafood-mini-pack,MofuHaven_Order_For_Boss.md,japanese-snacks-v1,,COMBO Present,cats,1,1,27,[10],[6],cost_cny_not_found_in_supported_product_or_active_price_fields;target_margin_not_found_or_invalid_in_supported_product_metadata;cny_to_hkd_not_found_or_invalid_in_supported_product_metadata;upward_90_rounding_not_found_or_unsupported_in_product_metadata,,,[],[],[],[],[],[],[],[],,,,,,,"{""compare_at_price_currency"":""hkd"",""compare_at_price_hkd"":""39"",""compare_at_price_schema"":""v1""}","[{""metadata"":{""compare_at_price_hkd"":""39"",""mofu_tail_rounding_new_hkd"":""32.90"",""mofu_tail_rounding_old_hkd"":""32.00"",""mofu_tail_rounding_rule"":""ceil_to_90_v1"",""mofu_tail_rounding_source_price_id"":""price_1U8LbfRyM6dRKLtZQaJq6aJU""},""price_id"":""price_1U8VfmRyM6dRKLtZmIZuJdnn""}]","[{""metadata"":{""compare_at_price_hkd"":""39""},""price_id"":""price_1U8LbfRyM6dRKLtZQaJq6aJU""}]"
MH-CAT-CMP-009,COMBO Present 免疫力維持 海鮮 小包｜COMBO Present Immune Support Seafood Mini Pack,prod_V8crrguHp5YAXt,snack-order-2026::combo-present-immune-support-seafood-mini-pack,MofuHaven_Order_For_Boss.md,japanese-snacks-v1,,COMBO Present,cats,1,1,27,[10],[6],cost_cny_not_found_in_supported_product_or_active_price_fields;target_margin_not_found_or_invalid_in_supported_product_metadata;cny_to_hkd_not_found_or_invalid_in_supported_product_metadata;upward_90_rounding_not_found_or_unsupported_in_product_metadata,,,[],[],[],[],[],[],[],[],,,,,,,"{""compare_at_price_currency"":""hkd"",""compare_at_price_hkd"":""39"",""compare_at_price_schema"":""v1""}","[{""metadata"":{""compare_at_price_hkd"":""39"",""mofu_tail_rounding_new_hkd"":""32.90"",""mofu_tail_rounding_old_hkd"":""32.00"",""mofu_tail_rounding_rule"":""ceil_to_90_v1"",""mofu_tail_rounding_source_price_id"":""price_1U8LbVRyM6dRKLtZFTuhN6xM""},""price_id"":""price_1U8VfkRyM6dRKLtZyi6EfUZn""}]","[{""metadata"":{""compare_at_price_hkd"":""39""},""price_id"":""price_1U8LbVRyM6dRKLtZFTuhN6xM""}]"
MH-CAT-CMP-010,COMBO Present 免疫力維持 三種口味｜COMBO Present Immune Support Three-Flavour Variety Pack,prod_V8cr2Q8hiWwniV,snack-order-2026::combo-present-immune-support-three-flavour-variety-pack,MofuHaven_Order_For_Boss.md,japanese-snacks-v1,,COMBO Present,cats,1,1,27,[10],[6],cost_cny_not_found_in_supported_product_or_active_price_fields;target_margin_not_found_or_invalid_in_supported_product_metadata;cny_to_hkd_not_found_or_invalid_in_supported_product_metadata;upward_90_rounding_not_found_or_unsupported_in_product_metadata,,,[],[],[],[],[],[],[],[],,,,,,,"{""compare_at_price_currency"":""hkd"",""compare_at_price_hkd"":""68"",""compare_at_price_schema"":""v1""}","[{""metadata"":{""compare_at_price_hkd"":""68"",""mofu_tail_rounding_new_hkd"":""58.90"",""mofu_tail_rounding_old_hkd"":""58.00"",""mofu_tail_rounding_rule"":""ceil_to_90_v1"",""mofu_tail_rounding_source_price_id"":""price_1U8LbORyM6dRKLtZAEihStg0""},""price_id"":""price_1U8VfiRyM6dRKLtZUsusaDXK""}]","[{""metadata"":{""compare_at_price_hkd"":""68""},""price_id"":""price_1U8LbORyM6dRKLtZAEihStg0""}]"
MH-CAT-CMP-011,COMBO Present 室內貓化毛 三種口味｜COMBO Present Indoor Cat Hairball Care Three-Flavour Variety Pack,prod_V8croZ9K3Kppbf,snack-order-2026::combo-present-indoor-cat-hairball-care-three-flavour-variety-pack,MofuHaven_Order_For_Boss.md,japanese-snacks-v1,,COMBO Present,cats,1,1,27,[10],[6],cost_cny_not_found_in_supported_product_or_active_price_fields;target_margin_not_found_or_invalid_in_supported_product_metadata;cny_to_hkd_not_found_or_invalid_in_supported_product_metadata;upward_90_rounding_not_found_or_unsupported_in_product_metadata,,,[],[],[],[],[],[],[],[],,,,,,,"{""compare_at_price_currency"":""hkd"",""compare_at_price_hkd"":""68"",""compare_at_price_schema"":""v1""}","[{""metadata"":{""compare_at_price_hkd"":""68"",""mofu_tail_rounding_new_hkd"":""58.90"",""mofu_tail_rounding_old_hkd"":""58.00"",""mofu_tail_rounding_rule"":""ceil_to_90_v1"",""mofu_tail_rounding_source_price_id"":""price_1U8LbQRyM6dRKLtZlpBx9hUR""},""price_id"":""price_1U8VfrRyM6dRKLtZUS6x0qQo""}]","[{""metadata"":{""compare_at_price_hkd"":""68""},""price_id"":""price_1U8LbQRyM6dRKLtZlpBx9hUR""}]"
MH-CAT-CMP-012,COMBO Present 室內貓 金槍魚 小包｜COMBO Present Indoor Cat Tuna Mini Pack,prod_V8crhpakrZfoXD,snack-order-2026::combo-present-indoor-cat-tuna-mini-pack,MofuHaven_Order_For_Boss.md,japanese-snacks-v1,,COMBO Present,cats,1,1,27,[10],[6],cost_cny_not_found_in_supported_product_or_active_price_fields;target_margin_not_found_or_invalid_in_supported_product_metadata;cny_to_hkd_not_found_or_invalid_in_supported_product_metadata;upward_90_rounding_not_found_or_unsupported_in_product_metadata,,,[],[],[],[],[],[],[],[],,,,,,,"{""compare_at_price_currency"":""hkd"",""compare_at_price_hkd"":""39"",""compare_at_price_schema"":""v1""}","[{""metadata"":{""compare_at_price_hkd"":""39"",""mofu_tail_rounding_new_hkd"":""32.90"",""mofu_tail_rounding_old_hkd"":""32.00"",""mofu_tail_rounding_rule"":""ceil_to_90_v1"",""mofu_tail_rounding_source_price_id"":""price_1U8LbURyM6dRKLtZA8QeanOK""},""price_id"":""price_1U8VfqRyM6dRKLtZkB11qUqD""}]","[{""metadata"":{""compare_at_price_hkd"":""39""},""price_id"":""price_1U8LbURyM6dRKLtZA8QeanOK""}]"
MH-CAT-CMP-013,COMBO Present 維護腎臟 混合肉味 小包｜COMBO Present Kidney Health Support Meat Mini Pack,prod_V8crtmrNegpX6C,snack-order-2026::combo-present-kidney-health-support-meat-mini-pack,MofuHaven_Order_For_Boss.md,japanese-snacks-v1,,COMBO Present,cats,1,1,27,[10],[6],cost_cny_not_found_in_supported_product_or_active_price_fields;target_margin_not_found_or_invalid_in_supported_product_metadata;cny_to_hkd_not_found_or_invalid_in_supported_product_metadata;upward_90_rounding_not_found_or_unsupported_in_product_metadata,,,[],[],[],[],[],[],[],[],,,,,,,"{""compare_at_price_currency"":""hkd"",""compare_at_price_hkd"":""39"",""compare_at_price_schema"":""v1""}","[{""metadata"":{""compare_at_price_hkd"":""39"",""mofu_tail_rounding_new_hkd"":""32.90"",""mofu_tail_rounding_old_hkd"":""32.00"",""mofu_tail_rounding_rule"":""ceil_to_90_v1"",""mofu_tail_rounding_source_price_id"":""price_1U8LbeRyM6dRKLtZM6KYpRsp""},""price_id"":""price_1U8Vg5RyM6dRKLtZqlVvcVTl""}]","[{""metadata"":{""compare_at_price_hkd"":""39""},""price_id"":""price_1U8LbeRyM6dRKLtZM6KYpRsp""}]"
MH-CAT-CMP-014,COMBO Present 維護腎臟 混合海鮮 小包｜COMBO Present Kidney Health Support Seafood Mini Pack,prod_V8crvbMiPxxJvt,snack-order-2026::combo-present-kidney-health-support-seafood-mini-pack,MofuHaven_Order_For_Boss.md,japanese-snacks-v1,,COMBO Present,cats,1,1,27,[10],[6],cost_cny_not_found_in_supported_product_or_active_price_fields;target_margin_not_found_or_invalid_in_supported_product_metadata;cny_to_hkd_not_found_or_invalid_in_supported_product_metadata;upward_90_rounding_not_found_or_unsupported_in_product_metadata,,,[],[],[],[],[],[],[],[],,,,,,,"{""compare_at_price_currency"":""hkd"",""compare_at_price_hkd"":""39"",""compare_at_price_schema"":""v1""}","[{""metadata"":{""compare_at_price_hkd"":""39"",""mofu_tail_rounding_new_hkd"":""32.90"",""mofu_tail_rounding_old_hkd"":""32.00"",""mofu_tail_rounding_rule"":""ceil_to_90_v1"",""mofu_tail_rounding_source_price_id"":""price_1U8LbdRyM6dRKLtZmkvFvwK8""},""price_id"":""price_1U8Vg3RyM6dRKLtZqTxXdIMe""}]","[{""metadata"":{""compare_at_price_hkd"":""39""},""price_id"":""price_1U8LbdRyM6dRKLtZmkvFvwK8""}]"
MH-CAT-CMP-015,COMBO Present 維護腎臟配方 三種口味｜COMBO Present Kidney Health Support Three-Flavour Variety Pack,prod_V8crErEJilA30r,snack-order-2026::combo-present-kidney-health-support-three-flavour-variety-pack,MofuHaven_Order_For_Boss.md,japanese-snacks-v1,,COMBO Present,cats,1,1,27,[10],[6],cost_cny_not_found_in_supported_product_or_active_price_fields;target_margin_not_found_or_invalid_in_supported_product_metadata;cny_to_hkd_not_found_or_invalid_in_supported_product_metadata;upward_90_rounding_not_found_or_unsupported_in_product_metadata,,,[],[],[],[],[],[],[],[],,,,,,,"{""compare_at_price_currency"":""hkd"",""compare_at_price_hkd"":""68"",""compare_at_price_schema"":""v1""}","[{""metadata"":{""compare_at_price_hkd"":""68"",""mofu_tail_rounding_new_hkd"":""58.90"",""mofu_tail_rounding_old_hkd"":""58.00"",""mofu_tail_rounding_rule"":""ceil_to_90_v1"",""mofu_tail_rounding_source_price_id"":""price_1U8LbTRyM6dRKLtZkoRjS6cU""},""price_id"":""price_1U8Vg7RyM6dRKLtZaWtSwItm""}]","[{""metadata"":{""compare_at_price_hkd"":""68""},""price_id"":""price_1U8LbTRyM6dRKLtZkoRjS6cU""}]"
MH-CAT-CMP-016,COMBO Present 低脂絕育貓 混合海鮮 小包｜COMBO Present Low-Fat Neutered Cat Seafood Mini Pack,prod_V8crzn01d7SXcg,snack-order-2026::combo-present-low-fat-neutered-cat-seafood-mini-pack,MofuHaven_Order_For_Boss.md,japanese-snacks-v1,,COMBO Present,cats,1,1,27,[10],[6],cost_cny_not_found_in_supported_product_or_active_price_fields;target_margin_not_found_or_invalid_in_supported_product_metadata;cny_to_hkd_not_found_or_invalid_in_supported_product_metadata;upward_90_rounding_not_found_or_unsupported_in_product_metadata,,,[],[],[],[],[],[],[],[],,,,,,,"{""compare_at_price_currency"":""hkd"",""compare_at_price_hkd"":""39"",""compare_at_price_schema"":""v1""}","[{""metadata"":{""compare_at_price_hkd"":""39"",""mofu_tail_rounding_new_hkd"":""32.90"",""mofu_tail_rounding_old_hkd"":""32.00"",""mofu_tail_rounding_rule"":""ceil_to_90_v1"",""mofu_tail_rounding_source_price_id"":""price_1U8LbhRyM6dRKLtZiRenkjJO""},""price_id"":""price_1U8VfhRyM6dRKLtZQxO4fpuu""}]","[{""metadata"":{""compare_at_price_hkd"":""39""},""price_id"":""price_1U8LbhRyM6dRKLtZiRenkjJO""}]"
MH-CAT-CMP-017,COMBO Present 維護泌尿 混合海鮮 小包｜COMBO Present Urinary Health Support Seafood Mini Pack,prod_V8cr8kOWyjP3g1,snack-order-2026::combo-present-urinary-health-support-seafood-mini-pack,MofuHaven_Order_For_Boss.md,japanese-snacks-v1,,COMBO Present,cats,1,1,27,[10],[6],cost_cny_not_found_in_supported_product_or_active_price_fields;target_margin_not_found_or_invalid_in_supported_product_metadata;cny_to_hkd_not_found_or_invalid_in_supported_product_metadata;upward_90_rounding_not_found_or_unsupported_in_product_metadata,,,[],[],[],[],[],[],[],[],,,,,,,"{""compare_at_price_currency"":""hkd"",""compare_at_price_hkd"":""39"",""compare_at_price_schema"":""v1""}","[{""metadata"":{""compare_at_price_hkd"":""39"",""mofu_tail_rounding_new_hkd"":""32.90"",""mofu_tail_rounding_old_hkd"":""32.00"",""mofu_tail_rounding_rule"":""ceil_to_90_v1"",""mofu_tail_rounding_source_price_id"":""price_1U8LbgRyM6dRKLtZxLGfthpC""},""price_id"":""price_1U8Vg0RyM6dRKLtZALUmo5Pt""}]","[{""metadata"":{""compare_at_price_hkd"":""39""},""price_id"":""price_1U8LbgRyM6dRKLtZxLGfthpC""}]"
MH-CAT-CMP-018,COMBO Present 維護泌尿配方 三種口味｜COMBO Present Urinary Health Support Three-Flavour Variety Pack,prod_V8crKsH08GDJxM,snack-order-2026::combo-present-urinary-health-support-three-flavour-variety-pack,MofuHaven_Order_For_Boss.md,japanese-snacks-v1,,COMBO Present,cats,1,1,27,[10],[6],cost_cny_not_found_in_supported_product_or_active_price_fields;target_margin_not_found_or_invalid_in_supported_product_metadata;cny_to_hkd_not_found_or_invalid_in_supported_product_metadata;upward_90_rounding_not_found_or_unsupported_in_product_metadata,,,[],[],[],[],[],[],[],[],,,,,,,"{""compare_at_price_currency"":""hkd"",""compare_at_price_hkd"":""68"",""compare_at_price_schema"":""v1""}","[{""metadata"":{""compare_at_price_hkd"":""68"",""mofu_tail_rounding_new_hkd"":""58.90"",""mofu_tail_rounding_old_hkd"":""58.00"",""mofu_tail_rounding_rule"":""ceil_to_90_v1"",""mofu_tail_rounding_source_price_id"":""price_1U8LbSRyM6dRKLtZnZ1AGlGQ""},""price_id"":""price_1U8Vg1RyM6dRKLtZnRYfKHeX""}]","[{""metadata"":{""compare_at_price_hkd"":""68""},""price_id"":""price_1U8LbSRyM6dRKLtZnZ1AGlGQ""}]"
MH-CAT-COMBO-001,COMBO 貓咪奢華美食四重滋味熟成鰹魚乾糧 600g｜COMBO Luxury Gourmet Four Flavours with Aged Bonito Dry Cat Food 600g,prod_V8lAOpvuncOCZM,batch24-2026::b24-10,batch24_product_mapping.json,batch24-products-v1,B24-10,COMBO,cats,1,0,29,[7],[],cost_cny_not_found_in_supported_product_or_active_price_fields;target_margin_not_found_or_invalid_in_supported_product_metadata;cny_to_hkd_not_found_or_invalid_in_supported_product_metadata;upward_90_rounding_not_found_or_unsupported_in_product_metadata,,,[],[],[],[],[],[],[],[],,,,,,,"{""compare_at_price_currency"":""hkd"",""compare_at_price_hkd"":""0"",""compare_at_price_schema"":""v1""}","[{""metadata"":{""compare_at_price_hkd"":""0""},""price_id"":""price_1U8Te7RyM6dRKLtZw2QIvSDA""}]",[]
MH-CAT-COMBO-002,COMBO 貓咪奢華美食拼配鮭魚脆片鰹魚節乾糧 700g｜COMBO Luxury Gourmet Blend with Salmon Chips & Bonito Flakes Dry Cat Food 700g,prod_V8lAeH2hqPlna6,batch24-2026::b24-11,batch24_product_mapping.json,batch24-products-v1,B24-11,COMBO,cats,1,0,29,[7],[],cost_cny_not_found_in_supported_product_or_active_price_fields;target_margin_not_found_or_invalid_in_supported_product_metadata;cny_to_hkd_not_found_or_invalid_in_supported_product_metadata;upward_90_rounding_not_found_or_unsupported_in_product_metadata,,,[],[],[],[],[],[],[],[],,,,,,,"{""compare_at_price_currency"":""hkd"",""compare_at_price_hkd"":""0"",""compare_at_price_schema"":""v1""}","[{""metadata"":{""compare_at_price_hkd"":""0""},""price_id"":""price_1U8Te8RyM6dRKLtZf1Zb7BlY""}]",[]
MH-CAT-COMBO-003,COMBO 體重關注貓用鮪魚鰹魚節乾糧 600g｜COMBO Weight-Concern Cat Tuna Dry Food with Bonito Flakes 600g,prod_V8lAWevxk3Za0C,batch24-2026::b24-12,batch24_product_mapping.json,batch24-products-v1,B24-12,COMBO,cats,1,0,29,[7],[],cost_cny_not_found_in_supported_product_or_active_price_fields;target_margin_not_found_or_invalid_in_supported_product_metadata;cny_to_hkd_not_found_or_invalid_in_supported_product_metadata;upward_90_rounding_not_found_or_unsupported_in_product_metadata,,,[],[],[],[],[],[],[],[],,,,,,,"{""compare_at_price_currency"":""hkd"",""compare_at_price_hkd"":""0"",""compare_at_price_schema"":""v1""}","[{""metadata"":{""compare_at_price_hkd"":""0""},""price_id"":""price_1U8Te9RyM6dRKLtZbFSz0rsZ""}]",[]
MH-CAT-GNSP-001,銀之匙 濃湯仕立鮪魚貓罐頭 70g｜Gin no Spoon Thick Gravy Tuna Cat Can 70g,prod_V8lAUga8Mwc3d0,batch24-2026::b24-20,batch24_product_mapping.json,batch24-products-v1,B24-20,銀之匙,cats,1,0,29,[7],[],cost_cny_not_found_in_supported_product_or_active_price_fields;target_margin_not_found_or_invalid_in_supported_product_metadata;cny_to_hkd_not_found_or_invalid_in_supported_product_metadata;upward_90_rounding_not_found_or_unsupported_in_product_metadata,,,[],[],[],[],[],[],[],[],,,,,,,"{""compare_at_price_currency"":""hkd"",""compare_at_price_hkd"":""0"",""compare_at_price_schema"":""v1""}","[{""metadata"":{""compare_at_price_hkd"":""0""},""price_id"":""price_1U8TeIRyM6dRKLtZfLkTpmot""}]",[]
MH-CAT-GNSP-002,"銀之匙 鮪魚鰹魚雞胸肉貓罐頭 70g｜Gin no Spoon Tuna, Bonito & Chicken Breast Cat Can 70g",prod_V8lAjMRJn8PScz,batch24-2026::b24-21,batch24_product_mapping.json,batch24-products-v1,B24-21,銀之匙,cats,1,0,29,[7],[],cost_cny_not_found_in_supported_product_or_active_price_fields;target_margin_not_found_or_invalid_in_supported_product_metadata;cny_to_hkd_not_found_or_invalid_in_supported_product_metadata;upward_90_rounding_not_found_or_unsupported_in_product_metadata,,,[],[],[],[],[],[],[],[],,,,,,,"{""compare_at_price_currency"":""hkd"",""compare_at_price_hkd"":""0"",""compare_at_price_schema"":""v1""}","[{""metadata"":{""compare_at_price_hkd"":""0""},""price_id"":""price_1U8TeJRyM6dRKLtZZNQsVoYK""}]",[]
MH-CAT-GNSP-003,"銀之匙 濃湯仕立鮪魚鰹魚雞胸肉貓罐頭 70g｜Gin no Spoon Thick Gravy Tuna, Bonito & Chicken Breast Cat Can 70g",prod_V8lATH0SDiLKBx,batch24-2026::b24-22,batch24_product_mapping.json,batch24-products-v1,B24-22,銀之匙,cats,1,0,29,[7],[],cost_cny_not_found_in_supported_product_or_active_price_fields;target_margin_not_found_or_invalid_in_supported_product_metadata;cny_to_hkd_not_found_or_invalid_in_supported_product_metadata;upward_90_rounding_not_found_or_unsupported_in_product_metadata,,,[],[],[],[],[],[],[],[],,,,,,,"{""compare_at_price_currency"":""hkd"",""compare_at_price_hkd"":""0"",""compare_at_price_schema"":""v1""}","[{""metadata"":{""compare_at_price_hkd"":""0""},""price_id"":""price_1U8TeKRyM6dRKLtZ06iNBorq""}]",[]
MH-CAT-GNSP-004,"銀之匙 魚肉雞胸肉吻仔魚貓罐頭 70g｜Gin no Spoon Fish, Chicken Breast & Shirasu Cat Can 70g",prod_V8lAGdiamaGSwC,batch24-2026::b24-23,batch24_product_mapping.json,batch24-products-v1,B24-23,銀之匙,cats,1,0,29,[7],[],cost_cny_not_found_in_supported_product_or_active_price_fields;target_margin_not_found_or_invalid_in_supported_product_metadata;cny_to_hkd_not_found_or_invalid_in_supported_product_metadata;upward_90_rounding_not_found_or_unsupported_in_product_metadata,,,[],[],[],[],[],[],[],[],,,,,,,"{""compare_at_price_currency"":""hkd"",""compare_at_price_hkd"":""0"",""compare_at_price_schema"":""v1""}","[{""metadata"":{""compare_at_price_hkd"":""0""},""price_id"":""price_1U8TeLRyM6dRKLtZR3jNQ3eA""}]",[]
MH-CAT-GNSP-005,"銀之匙 魚肉雞胸肉鰹魚節貓罐頭 70g｜Gin no Spoon Fish, Chicken Breast & Bonito Flakes Cat Can 70g",prod_V8lATUvYyTfiyk,batch24-2026::b24-24,batch24_product_mapping.json,batch24-products-v1,B24-24,銀之匙,cats,1,0,29,[7],[],cost_cny_not_found_in_supported_product_or_active_price_fields;target_margin_not_found_or_invalid_in_supported_product_metadata;cny_to_hkd_not_found_or_invalid_in_supported_product_metadata;upward_90_rounding_not_found_or_unsupported_in_product_metadata,,,[],[],[],[],[],[],[],[],,,,,,,"{""compare_at_price_currency"":""hkd"",""compare_at_price_hkd"":""0"",""compare_at_price_schema"":""v1""}","[{""metadata"":{""compare_at_price_hkd"":""0""},""price_id"":""price_1U8TeMRyM6dRKLtZ8duuCeG8""}]",[]
MH-CAT-MCK-001,三文魚 17g (預定),prod_V8W0oLt83VbMEB,三文魚 17g (預定),pet_products_clean_retail_only.csv,,,Mamacook,cats,1,1,41,[6],[2],cost_cny_not_found_in_supported_product_or_active_price_fields;target_margin_not_found_or_invalid_in_supported_product_metadata;cny_to_hkd_not_found_or_invalid_in_supported_product_metadata;upward_90_rounding_not_found_or_unsupported_in_product_metadata,,,[],[],[],[],[],[],[],[],,,,,,,"{""compare_at_price_currency"":""hkd"",""compare_at_price_hkd"":""0"",""compare_at_price_schema"":""v1""}","[{""metadata"":{""mofu_tail_rounding_new_hkd"":""106.90"",""mofu_tail_rounding_old_hkd"":""106.60"",""mofu_tail_rounding_rule"":""ceil_to_90_v1"",""mofu_tail_rounding_source_price_id"":""price_1U8EyKRyM6dRKLtZo0Vx5Nnb""},""price_id"":""price_1U8VgvRyM6dRKLtZh8vgbQgO""}]",[]
MH-CAT-MCK-002,圓粒雞里脊 18g (現貨 / 賞味 28.01),prod_V8W0n6wDbyKpya,圓粒雞里脊 18g (現貨 / 賞味 28.01),pet_products_clean_retail_only.csv,,,Mamacook,cats,1,1,41,[6],[2],cost_cny_not_found_in_supported_product_or_active_price_fields;target_margin_not_found_or_invalid_in_supported_product_metadata;cny_to_hkd_not_found_or_invalid_in_supported_product_metadata;upward_90_rounding_not_found_or_unsupported_in_product_metadata,,,[],[],[],[],[],[],[],[],,,,,,,"{""compare_at_price_currency"":""hkd"",""compare_at_price_hkd"":""0"",""compare_at_price_schema"":""v1""}","[{""metadata"":{""mofu_tail_rounding_new_hkd"":""64.90"",""mofu_tail_rounding_old_hkd"":""64.00"",""mofu_tail_rounding_rule"":""ceil_to_90_v1"",""mofu_tail_rounding_source_price_id"":""price_1U8Ey7RyM6dRKLtZkgIUfSjM""},""price_id"":""price_1U8VgxRyM6dRKLtZMYRg7EId""}]",[]
MH-CAT-MCK-003,扇貝 11g (現貨 / 27.01.15),prod_V8W0BWVdW0bKlr,扇貝 11g (現貨 / 27.01.15),pet_products_clean_retail_only.csv,,,Mamacook,cats,1,1,41,[6],[2],cost_cny_not_found_in_supported_product_or_active_price_fields;target_margin_not_found_or_invalid_in_supported_product_metadata;cny_to_hkd_not_found_or_invalid_in_supported_product_metadata;upward_90_rounding_not_found_or_unsupported_in_product_metadata,,,[],[],[],[],[],[],[],[],,,,,,,"{""compare_at_price_currency"":""hkd"",""compare_at_price_hkd"":""0"",""compare_at_price_schema"":""v1""}","[{""metadata"":{""mofu_tail_rounding_new_hkd"":""78.90"",""mofu_tail_rounding_old_hkd"":""78.80"",""mofu_tail_rounding_rule"":""ceil_to_90_v1"",""mofu_tail_rounding_source_price_id"":""price_1U8EyERyM6dRKLtZ02mDEpGE""},""price_id"":""price_1U8VgzRyM6dRKLtZMgGqC4Ob""}]",[]
MH-CAT-MCK-004,牛大腿肉 17g (現貨 / 2027.12.01),prod_V8W0eQFDHSCPxC,牛大腿肉 17g (現貨 / 2027.12.01),pet_products_clean_retail_only.csv,,,Mamacook,cats,1,1,41,[6],[2],cost_cny_not_found_in_supported_product_or_active_price_fields;target_margin_not_found_or_invalid_in_supported_product_metadata;cny_to_hkd_not_found_or_invalid_in_supported_product_metadata;upward_90_rounding_not_found_or_unsupported_in_product_metadata,,,[],[],[],[],[],[],[],[],,,,,,,"{""compare_at_price_currency"":""hkd"",""compare_at_price_hkd"":""0"",""compare_at_price_schema"":""v1""}","[{""metadata"":{""mofu_tail_rounding_new_hkd"":""82.90"",""mofu_tail_rounding_old_hkd"":""82.00"",""mofu_tail_rounding_rule"":""ceil_to_90_v1"",""mofu_tail_rounding_source_price_id"":""price_1U8EyARyM6dRKLtZIZlSj2kJ""},""price_id"":""price_1U8VhERyM6dRKLtZRJUYIode""}]",[]
MH-CAT-MCK-005,胡瓜魚凍干 10g (預定),prod_V8W0xHzc6tqf3B,胡瓜魚凍干 10g (預定),pet_products_clean_retail_only.csv,,,Mamacook,cats,1,1,41,[6],[2],cost_cny_not_found_in_supported_product_or_active_price_fields;target_margin_not_found_or_invalid_in_supported_product_metadata;cny_to_hkd_not_found_or_invalid_in_supported_product_metadata;upward_90_rounding_not_found_or_unsupported_in_product_metadata,,,[],[],[],[],[],[],[],[],,,,,,,"{""compare_at_price_currency"":""hkd"",""compare_at_price_hkd"":""0"",""compare_at_price_schema"":""v1""}","[{""metadata"":{""mofu_tail_rounding_new_hkd"":""80.90"",""mofu_tail_rounding_old_hkd"":""80.40"",""mofu_tail_rounding_rule"":""ceil_to_90_v1"",""mofu_tail_rounding_source_price_id"":""price_1U8EyIRyM6dRKLtZbDtcYMeZ""},""price_id"":""price_1U8VhORyM6dRKLtZaHHmw4vx""}]",[]
MH-CAT-MCK-006,虹鱒魚 15g (現貨 / 賞味 27.5),prod_V8W0fChA9h4VNq,虹鱒魚 15g (現貨 / 賞味 27.5),pet_products_clean_retail_only.csv,,,Mamacook,cats,1,1,41,[6],[2],cost_cny_not_found_in_supported_product_or_active_price_fields;target_margin_not_found_or_invalid_in_supported_product_metadata;cny_to_hkd_not_found_or_invalid_in_supported_product_metadata;upward_90_rounding_not_found_or_unsupported_in_product_metadata,,,[],[],[],[],[],[],[],[],,,,,,,"{""compare_at_price_currency"":""hkd"",""compare_at_price_hkd"":""0"",""compare_at_price_schema"":""v1""}","[{""metadata"":{""mofu_tail_rounding_new_hkd"":""80.90"",""mofu_tail_rounding_old_hkd"":""80.40"",""mofu_tail_rounding_rule"":""ceil_to_90_v1"",""mofu_tail_rounding_source_price_id"":""price_1U8EyGRyM6dRKLtZfbrzSW2i""},""price_id"":""price_1U8VhQRyM6dRKLtZcmZ9StPG""}]",[]
MH-CAT-MCK-007,豬大腿肉 20g (預定),prod_V8W0DDhtV271xl,豬大腿肉 20g (預定),pet_products_clean_retail_only.csv,,,Mamacook,cats,1,1,41,[6],[2],cost_cny_not_found_in_supported_product_or_active_price_fields;target_margin_not_found_or_invalid_in_supported_product_metadata;cny_to_hkd_not_found_or_invalid_in_supported_product_metadata;upward_90_rounding_not_found_or_unsupported_in_product_metadata,,,[],[],[],[],[],[],[],[],,,,,,,"{""compare_at_price_currency"":""hkd"",""compare_at_price_hkd"":""0"",""compare_at_price_schema"":""v1""}","[{""metadata"":{""mofu_tail_rounding_new_hkd"":""73.90"",""mofu_tail_rounding_old_hkd"":""73.80"",""mofu_tail_rounding_rule"":""ceil_to_90_v1"",""mofu_tail_rounding_source_price_id"":""price_1U8EyBRyM6dRKLtZVfpV57SQ""},""price_id"":""price_1U8VhSRyM6dRKLtZMdg6lgBN""}]",[]
MH-CAT-MCK-008,豬心 25g (預定 (缺貨)),prod_V8W0LKmYo2bfxf,豬心 25g (預定 (缺貨)),pet_products_clean_retail_only.csv,,,Mamacook,cats,1,1,41,[6],[2],cost_cny_not_found_in_supported_product_or_active_price_fields;target_margin_not_found_or_invalid_in_supported_product_metadata;cny_to_hkd_not_found_or_invalid_in_supported_product_metadata;upward_90_rounding_not_found_or_unsupported_in_product_metadata,,,[],[],[],[],[],[],[],[],,,,,,,"{""compare_at_price_currency"":""hkd"",""compare_at_price_hkd"":""0"",""compare_at_price_schema"":""v1""}","[{""metadata"":{""mofu_tail_rounding_new_hkd"":""75.90"",""mofu_tail_rounding_old_hkd"":""75.50"",""mofu_tail_rounding_rule"":""ceil_to_90_v1"",""mofu_tail_rounding_source_price_id"":""price_1U8Ey9RyM6dRKLtZ9s6TVcIZ""},""price_id"":""price_1U8VhTRyM6dRKLtZCXZk7rs1""}]",[]
MH-CAT-MCK-009,金槍魚 14g (預定),prod_V8W0mdB77ZJc5M,金槍魚 14g (預定),pet_products_clean_retail_only.csv,,,Mamacook,cats,1,1,41,[6],[2],cost_cny_not_found_in_supported_product_or_active_price_fields;target_margin_not_found_or_invalid_in_supported_product_metadata;cny_to_hkd_not_found_or_invalid_in_supported_product_metadata;upward_90_rounding_not_found_or_unsupported_in_product_metadata,,,[],[],[],[],[],[],[],[],,,,,,,"{""compare_at_price_currency"":""hkd"",""compare_at_price_hkd"":""0"",""compare_at_price_schema"":""v1""}","[{""metadata"":{""mofu_tail_rounding_new_hkd"":""80.90"",""mofu_tail_rounding_old_hkd"":""80.40"",""mofu_tail_rounding_rule"":""ceil_to_90_v1"",""mofu_tail_rounding_source_price_id"":""price_1U8EyHRyM6dRKLtZOQ72VkVR""},""price_id"":""price_1U8VhVRyM6dRKLtZ2SNCvfDD""}]",[]
MH-CAT-MCK-010,銀魚 10g (預定),prod_V8W073h3MHqGhr,銀魚 10g (預定),pet_products_clean_retail_only.csv,,,Mamacook,cats,1,1,41,[6],[2],cost_cny_not_found_in_supported_product_or_active_price_fields;target_margin_not_found_or_invalid_in_supported_product_metadata;cny_to_hkd_not_found_or_invalid_in_supported_product_metadata;upward_90_rounding_not_found_or_unsupported_in_product_metadata,,,[],[],[],[],[],[],[],[],,,,,,,"{""compare_at_price_currency"":""hkd"",""compare_at_price_hkd"":""0"",""compare_at_price_schema"":""v1""}","[{""metadata"":{""mofu_tail_rounding_new_hkd"":""78.90"",""mofu_tail_rounding_old_hkd"":""78.80"",""mofu_tail_rounding_rule"":""ceil_to_90_v1"",""mofu_tail_rounding_source_price_id"":""price_1U8EyDRyM6dRKLtZibllvNWZ""},""price_id"":""price_1U8VhXRyM6dRKLtZpnl8JDZN""}]",[]
MH-CAT-MCK-011,雞胸肉 150g (現貨 / 賞味 27.10),prod_V8VzG9Cs8B2Rjb,雞胸肉 150g (現貨 / 賞味 27.10),pet_products_clean_retail_only.csv,,,Mamacook,cats,1,1,41,[6],[2],cost_cny_not_found_in_supported_product_or_active_price_fields;target_margin_not_found_or_invalid_in_supported_product_metadata;cny_to_hkd_not_found_or_invalid_in_supported_product_metadata;upward_90_rounding_not_found_or_unsupported_in_product_metadata,,,[],[],[],[],[],[],[],[],,,,,,,"{""compare_at_price_currency"":""hkd"",""compare_at_price_hkd"":""0"",""compare_at_price_schema"":""v1""}","[{""metadata"":{""mofu_tail_rounding_new_hkd"":""262.90"",""mofu_tail_rounding_old_hkd"":""262.60"",""mofu_tail_rounding_rule"":""ceil_to_90_v1"",""mofu_tail_rounding_source_price_id"":""price_1U8ExvRyM6dRKLtZt7X5K1ay""},""price_id"":""price_1U8VhhRyM6dRKLtZreAjaaqG""}]",[]
MH-CAT-MCK-012,雞胸肉 30g (現貨 / 賞味 28.01),prod_V8VzTooOH64y65,雞胸肉 30g (現貨 / 賞味 28.01),pet_products_clean_retail_only.csv,,,Mamacook,cats,1,1,41,[6],[2],cost_cny_not_found_in_supported_product_or_active_price_fields;target_margin_not_found_or_invalid_in_supported_product_metadata;cny_to_hkd_not_found_or_invalid_in_supported_product_metadata;upward_90_rounding_not_found_or_unsupported_in_product_metadata,,,[],[],[],[],[],[],[],[],,,,,,,"{""compare_at_price_currency"":""hkd"",""compare_at_price_hkd"":""0"",""compare_at_price_schema"":""v1""}","[{""metadata"":{""mofu_tail_rounding_new_hkd"":""77.90"",""mofu_tail_rounding_old_hkd"":""77.10"",""mofu_tail_rounding_rule"":""ceil_to_90_v1"",""mofu_tail_rounding_source_price_id"":""price_1U8ExtRyM6dRKLtZcGXYYPIM""},""price_id"":""price_1U8VhiRyM6dRKLtZcE0BERx5""}]",[]
MH-CAT-MCK-013,雞胸肉碎沫凍干粉拌飯 (現貨 / 2027.11.17),prod_V8W07sgetW5UqK,雞胸肉碎沫凍干粉拌飯 (現貨 / 2027.11.17),pet_products_clean_retail_only.csv,,,Mamacook,cats,1,1,41,[6],[2],cost_cny_not_found_in_supported_product_or_active_price_fields;target_margin_not_found_or_invalid_in_supported_product_metadata;cny_to_hkd_not_found_or_invalid_in_supported_product_metadata;upward_90_rounding_not_found_or_unsupported_in_product_metadata,,,[],[],[],[],[],[],[],[],,,,,,,"{""compare_at_price_currency"":""hkd"",""compare_at_price_hkd"":""0"",""compare_at_price_schema"":""v1""}","[{""metadata"":{""mofu_tail_rounding_new_hkd"":""75.90"",""mofu_tail_rounding_old_hkd"":""75.50"",""mofu_tail_rounding_rule"":""ceil_to_90_v1"",""mofu_tail_rounding_source_price_id"":""price_1U8Ey4RyM6dRKLtZuQ8XAdU6""},""price_id"":""price_1U8VhkRyM6dRKLtZzV6cvj1O""}]",[]
MH-CAT-MCK-014,雞胸肉雞肝凍干 120g (現貨 / 27.07),prod_V8W0oMeIOyFLhp,雞胸肉雞肝凍干 120g (現貨 / 27.07),pet_products_clean_retail_only.csv,,,Mamacook,cats,1,0,41,[2],[],cost_cny_not_found_in_supported_product_or_active_price_fields;target_margin_not_found_or_invalid_in_supported_product_metadata;cny_to_hkd_not_found_or_invalid_in_supported_product_metadata;upward_90_rounding_not_found_or_unsupported_in_product_metadata,,,[],[],[],[],[],[],[],[],,,,,,,"{""compare_at_price_currency"":""hkd"",""compare_at_price_hkd"":""0"",""compare_at_price_schema"":""v1""}",[],[]
MH-CAT-MCK-015,雞胸肉雞肝凍干 18g (預定),prod_V8VzYLI6mgAR3P,雞胸肉雞肝凍干 18g (預定),pet_products_clean_retail_only.csv,,,Mamacook,cats,1,1,41,[6],[2],cost_cny_not_found_in_supported_product_or_active_price_fields;target_margin_not_found_or_invalid_in_supported_product_metadata;cny_to_hkd_not_found_or_invalid_in_supported_product_metadata;upward_90_rounding_not_found_or_unsupported_in_product_metadata,,,[],[],[],[],[],[],[],[],,,,,,,"{""compare_at_price_currency"":""hkd"",""compare_at_price_hkd"":""0"",""compare_at_price_schema"":""v1""}","[{""metadata"":{""mofu_tail_rounding_new_hkd"":""62.90"",""mofu_tail_rounding_old_hkd"":""62.40"",""mofu_tail_rounding_rule"":""ceil_to_90_v1"",""mofu_tail_rounding_source_price_id"":""price_1U8ExzRyM6dRKLtZEaeIOvST""},""price_id"":""price_1U8VhmRyM6dRKLtZQLMUjgZb""}]",[]
MH-CAT-MCK-016,雞胸肉雞肫凍干 120g (現貨 / 2027.04.03),prod_V8W06fowHsMOSF,雞胸肉雞肫凍干 120g (現貨 / 2027.04.03),pet_products_clean_retail_only.csv,,,Mamacook,cats,1,0,41,[2],[],cost_cny_not_found_in_supported_product_or_active_price_fields;target_margin_not_found_or_invalid_in_supported_product_metadata;cny_to_hkd_not_found_or_invalid_in_supported_product_metadata;upward_90_rounding_not_found_or_unsupported_in_product_metadata,,,[],[],[],[],[],[],[],[],,,,,,,"{""compare_at_price_currency"":""hkd"",""compare_at_price_hkd"":""0"",""compare_at_price_schema"":""v1""}",[],[]
MH-CAT-MCK-017,雞胸肉雞肫凍干 18g (現貨 / 2027.04.25),prod_V8W072ieTWyOZ7,雞胸肉雞肫凍干 18g (現貨 / 2027.04.25),pet_products_clean_retail_only.csv,,,Mamacook,cats,1,1,45,[6],[2],cost_cny_not_found_in_supported_product_or_active_price_fields;target_margin_not_found_or_invalid_in_supported_product_metadata;cny_to_hkd_not_found_or_invalid_in_supported_product_metadata;upward_90_rounding_not_found_or_unsupported_in_product_metadata,,,[],[],[],[],[],[],[],[],,,,,,,"{""compare_at_price_currency"":""hkd"",""compare_at_price_hkd"":""0"",""compare_at_price_schema"":""v1"",""market_reference_price_hkd"":""75.00""}","[{""metadata"":{""mofu_tail_rounding_new_hkd"":""62.90"",""mofu_tail_rounding_old_hkd"":""62.40"",""mofu_tail_rounding_rule"":""ceil_to_90_v1"",""mofu_tail_rounding_source_price_id"":""price_1U8Ey2RyM6dRKLtZnfFC1DjA""},""price_id"":""price_1U8VhoRyM6dRKLtZEPUbvHtX""}]",[]
MH-CAT-MCK-018,雞里脊 150g (現貨 / 2027.11.30),prod_V8Vz4r6kx51OK2,雞里脊 150g (現貨 / 2027.11.30),pet_products_clean_retail_only.csv,,,Mamacook,cats,1,1,41,[6],[2],cost_cny_not_found_in_supported_product_or_active_price_fields;target_margin_not_found_or_invalid_in_supported_product_metadata;cny_to_hkd_not_found_or_invalid_in_supported_product_metadata;upward_90_rounding_not_found_or_unsupported_in_product_metadata,,,[],[],[],[],[],[],[],[],,,,,,,"{""compare_at_price_currency"":""hkd"",""compare_at_price_hkd"":""0"",""compare_at_price_schema"":""v1""}","[{""metadata"":{""mofu_tail_rounding_new_hkd"":""262.90"",""mofu_tail_rounding_old_hkd"":""262.60"",""mofu_tail_rounding_rule"":""ceil_to_90_v1"",""mofu_tail_rounding_source_price_id"":""price_1U8ExyRyM6dRKLtZK3621bvF""},""price_id"":""price_1U8VhrRyM6dRKLtZCmbpVwO6""}]",[]
MH-CAT-MCK-019,雞里脊 30g (預定),prod_V8VzICRXhFqVtH,雞里脊 30g (預定),pet_products_clean_retail_only.csv,,,Mamacook,cats,1,1,41,[6],[2],cost_cny_not_found_in_supported_product_or_active_price_fields;target_margin_not_found_or_invalid_in_supported_product_metadata;cny_to_hkd_not_found_or_invalid_in_supported_product_metadata;upward_90_rounding_not_found_or_unsupported_in_product_metadata,,,[],[],[],[],[],[],[],[],,,,,,,"{""compare_at_price_currency"":""hkd"",""compare_at_price_hkd"":""0"",""compare_at_price_schema"":""v1""}","[{""metadata"":{""mofu_tail_rounding_new_hkd"":""77.90"",""mofu_tail_rounding_old_hkd"":""77.10"",""mofu_tail_rounding_rule"":""ceil_to_90_v1"",""mofu_tail_rounding_source_price_id"":""price_1U8ExwRyM6dRKLtZ577bcwRS""},""price_id"":""price_1U8VhsRyM6dRKLtZxrrjuIFL""}]",[]
MH-CAT-MCK-020,雞里脊碎沫凍干粉拌飯 (預定),prod_V8W0OgEY0HBtlD,雞里脊碎沫凍干粉拌飯 (預定),pet_products_clean_retail_only.csv,,,Mamacook,cats,1,1,41,[6],[2],cost_cny_not_found_in_supported_product_or_active_price_fields;target_margin_not_found_or_invalid_in_supported_product_metadata;cny_to_hkd_not_found_or_invalid_in_supported_product_metadata;upward_90_rounding_not_found_or_unsupported_in_product_metadata,,,[],[],[],[],[],[],[],[],,,,,,,"{""compare_at_price_currency"":""hkd"",""compare_at_price_hkd"":""0"",""compare_at_price_schema"":""v1""}","[{""metadata"":{""mofu_tail_rounding_new_hkd"":""90.90"",""mofu_tail_rounding_old_hkd"":""90.20"",""mofu_tail_rounding_rule"":""ceil_to_90_v1"",""mofu_tail_rounding_source_price_id"":""price_1U8Ey6RyM6dRKLtZLnXfae9j""},""price_id"":""price_1U8VhuRyM6dRKLtZgTSXTyfh""}]",[]
MH-DOG-COMBO-001,COMBO Pure 香嫩雞胸肉切塊狗狗小食 50g｜COMBO Pure Tender Chicken Breast Cubes Dog Treat 50g,prod_V8lActmdKRF9Nz,batch24-2026::b24-05,batch24_product_mapping.json,batch24-products-v1,B24-05,COMBO Pure,dogs,1,0,29,[7],[],cost_cny_not_found_in_supported_product_or_active_price_fields;target_margin_not_found_or_invalid_in_supported_product_metadata;cny_to_hkd_not_found_or_invalid_in_supported_product_metadata;upward_90_rounding_not_found_or_unsupported_in_product_metadata,,,[],[],[],[],[],[],[],[],,,,,,,"{""compare_at_price_currency"":""hkd"",""compare_at_price_hkd"":""0"",""compare_at_price_schema"":""v1""}","[{""metadata"":{""compare_at_price_hkd"":""0""},""price_id"":""price_1U8Te2RyM6dRKLtZjnp6TQr0""}]",[]
MH-DOG-COMBO-002,COMBO Pure 香嫩雞胸肉絲狗狗小食 50g｜COMBO Pure Tender Chicken Breast Strips Dog Treat 50g,prod_V8lAyjALw49Mz2,batch24-2026::b24-06,batch24_product_mapping.json,batch24-products-v1,B24-06,COMBO Pure,dogs,1,0,29,[7],[],cost_cny_not_found_in_supported_product_or_active_price_fields;target_margin_not_found_or_invalid_in_supported_product_metadata;cny_to_hkd_not_found_or_invalid_in_supported_product_metadata;upward_90_rounding_not_found_or_unsupported_in_product_metadata,,,[],[],[],[],[],[],[],[],,,,,,,"{""compare_at_price_currency"":""hkd"",""compare_at_price_hkd"":""0"",""compare_at_price_schema"":""v1""}","[{""metadata"":{""compare_at_price_hkd"":""0""},""price_id"":""price_1U8Te3RyM6dRKLtZQYZvdm4f""}]",[]
MH-DOG-COMBO-003,COMBO Pure 羅勒香雞肉切塊狗狗小食 50g｜COMBO Pure Basil-Scented Chicken Cubes Dog Treat 50g,prod_V8lA3nhXSFdHkU,batch24-2026::b24-07,batch24_product_mapping.json,batch24-products-v1,B24-07,COMBO Pure,dogs,1,0,29,[7],[],cost_cny_not_found_in_supported_product_or_active_price_fields;target_margin_not_found_or_invalid_in_supported_product_metadata;cny_to_hkd_not_found_or_invalid_in_supported_product_metadata;upward_90_rounding_not_found_or_unsupported_in_product_metadata,,,[],[],[],[],[],[],[],[],,,,,,,"{""compare_at_price_currency"":""hkd"",""compare_at_price_hkd"":""0"",""compare_at_price_schema"":""v1""}","[{""metadata"":{""compare_at_price_hkd"":""0""},""price_id"":""price_1U8Te4RyM6dRKLtZsMkoDZgO""}]",[]
MH-DOG-COMBO-004,COMBO Pure 雞肉軟骨切塊狗狗小食 50g｜COMBO Pure Chicken & Cartilage Cubes Dog Treat 50g,prod_V8lA4N42hxS8dk,batch24-2026::b24-08,batch24_product_mapping.json,batch24-products-v1,B24-08,COMBO Pure,dogs,1,0,29,[7],[],cost_cny_not_found_in_supported_product_or_active_price_fields;target_margin_not_found_or_invalid_in_supported_product_metadata;cny_to_hkd_not_found_or_invalid_in_supported_product_metadata;upward_90_rounding_not_found_or_unsupported_in_product_metadata,,,[],[],[],[],[],[],[],[],,,,,,,"{""compare_at_price_currency"":""hkd"",""compare_at_price_hkd"":""0"",""compare_at_price_schema"":""v1""}","[{""metadata"":{""compare_at_price_hkd"":""0""},""price_id"":""price_1U8Te5RyM6dRKLtZ9oA7GOJI""}]",[]
MH-DOG-COMBO-005,COMBO Pure 雞胸肉三種蔬菜切塊狗狗小食 50g｜COMBO Pure Chicken Breast & Three Vegetable Cubes Dog Treat 50g,prod_V8lA7fjOQvodwx,batch24-2026::b24-09,batch24_product_mapping.json,batch24-products-v1,B24-09,COMBO Pure,dogs,1,0,29,[7],[],cost_cny_not_found_in_supported_product_or_active_price_fields;target_margin_not_found_or_invalid_in_supported_product_metadata;cny_to_hkd_not_found_or_invalid_in_supported_product_metadata;upward_90_rounding_not_found_or_unsupported_in_product_metadata,,,[],[],[],[],[],[],[],[],,,,,,,"{""compare_at_price_currency"":""hkd"",""compare_at_price_hkd"":""0"",""compare_at_price_schema"":""v1""}","[{""metadata"":{""compare_at_price_hkd"":""0""},""price_id"":""price_1U8Te6RyM6dRKLtZtPnsIajn""}]",[]
MH-DOG-COMBO-006,COMBO Pure 日本產雞肉蔬菜狗狗乾糧 600g｜COMBO Pure Japanese Chicken & Vegetable Dry Dog Food 600g,prod_V8lA8TrpHKZ0AE,batch24-2026::b24-13,batch24_product_mapping.json,batch24-products-v1,B24-13,COMBO Pure,dogs,1,0,29,[7],[],cost_cny_not_found_in_supported_product_or_active_price_fields;target_margin_not_found_or_invalid_in_supported_product_metadata;cny_to_hkd_not_found_or_invalid_in_supported_product_metadata;upward_90_rounding_not_found_or_unsupported_in_product_metadata,,,[],[],[],[],[],[],[],[],,,,,,,"{""compare_at_price_currency"":""hkd"",""compare_at_price_hkd"":""0"",""compare_at_price_schema"":""v1""}","[{""metadata"":{""compare_at_price_hkd"":""0""},""price_id"":""price_1U8TeARyM6dRKLtZQu5zOWNW""}]",[]
MH-DOG-COMBO-007,COMBO Pure 蔬菜嚴選芝士狗狗乾糧 600g｜COMBO Pure Vegetable & Selected Cheese Dry Dog Food 600g,prod_V8lAFkM1R1Q06Q,batch24-2026::b24-14,batch24_product_mapping.json,batch24-products-v1,B24-14,COMBO Pure,dogs,1,0,29,[7],[],cost_cny_not_found_in_supported_product_or_active_price_fields;target_margin_not_found_or_invalid_in_supported_product_metadata;cny_to_hkd_not_found_or_invalid_in_supported_product_metadata;upward_90_rounding_not_found_or_unsupported_in_product_metadata,,,[],[],[],[],[],[],[],[],,,,,,,"{""compare_at_price_currency"":""hkd"",""compare_at_price_hkd"":""0"",""compare_at_price_schema"":""v1""}","[{""metadata"":{""compare_at_price_hkd"":""0""},""price_id"":""price_1U8TeBRyM6dRKLtZzFpXrLkJ""}]",[]
MH-DOG-COMBO-008,COMBO Pure 嚴選芝士日本產雞肉狗狗乾糧 600g｜COMBO Pure Selected Cheese & Japanese Chicken Dry Dog Food 600g,prod_V8lA3mO6fUVnGr,batch24-2026::b24-15,batch24_product_mapping.json,batch24-products-v1,B24-15,COMBO Pure,dogs,1,0,29,[7],[],cost_cny_not_found_in_supported_product_or_active_price_fields;target_margin_not_found_or_invalid_in_supported_product_metadata;cny_to_hkd_not_found_or_invalid_in_supported_product_metadata;upward_90_rounding_not_found_or_unsupported_in_product_metadata,,,[],[],[],[],[],[],[],[],,,,,,,"{""compare_at_price_currency"":""hkd"",""compare_at_price_hkd"":""0"",""compare_at_price_schema"":""v1""}","[{""metadata"":{""compare_at_price_hkd"":""0""},""price_id"":""price_1U8TeCRyM6dRKLtZj8yHgAgF""}]",[]
MH-DOG-COMBO-009,COMBO Pure 超小粒日本產雞肉蔬菜狗狗乾糧 600g｜COMBO Pure Extra-Small Kibble Japanese Chicken & Vegetable Dry Dog Food 600g,prod_V8lArvqiVc3AMr,batch24-2026::b24-16,batch24_product_mapping.json,batch24-products-v1,B24-16,COMBO Pure,dogs,1,0,29,[7],[],cost_cny_not_found_in_supported_product_or_active_price_fields;target_margin_not_found_or_invalid_in_supported_product_metadata;cny_to_hkd_not_found_or_invalid_in_supported_product_metadata;upward_90_rounding_not_found_or_unsupported_in_product_metadata,,,[],[],[],[],[],[],[],[],,,,,,,"{""compare_at_price_currency"":""hkd"",""compare_at_price_hkd"":""0"",""compare_at_price_schema"":""v1""}","[{""metadata"":{""compare_at_price_hkd"":""0""},""price_id"":""price_1U8TeDRyM6dRKLtZlJaNJ6sH""}]",[]
MH-DOG-COMBO-010,COMBO Pure 低脂日本產雞肉蔬菜狗狗乾糧 600g｜COMBO Pure Low-Fat Japanese Chicken & Vegetable Dry Dog Food 600g,prod_V8lAGBIlndcl9U,batch24-2026::b24-17,batch24_product_mapping.json,batch24-products-v1,B24-17,COMBO Pure,dogs,1,0,29,[7],[],cost_cny_not_found_in_supported_product_or_active_price_fields;target_margin_not_found_or_invalid_in_supported_product_metadata;cny_to_hkd_not_found_or_invalid_in_supported_product_metadata;upward_90_rounding_not_found_or_unsupported_in_product_metadata,,,[],[],[],[],[],[],[],[],,,,,,,"{""compare_at_price_currency"":""hkd"",""compare_at_price_hkd"":""0"",""compare_at_price_schema"":""v1""}","[{""metadata"":{""compare_at_price_hkd"":""0""},""price_id"":""price_1U8TeERyM6dRKLtZkFfIYDtC""}]",[]
MH-DOG-COMBO-011,COMBO Pure 凍乾配料日本產雞肉蔬菜狗狗乾糧 540g｜COMBO Pure Freeze-Dried Topping Japanese Chicken & Vegetable Dry Dog Food 540g,prod_V8lAaOLN6jDE2s,batch24-2026::b24-18,batch24_product_mapping.json,batch24-products-v1,B24-18,COMBO Pure,dogs,1,0,30,[7],[],cost_cny_not_found_in_supported_product_or_active_price_fields;target_margin_not_found_or_invalid_in_supported_product_metadata;cny_to_hkd_not_found_or_invalid_in_supported_product_metadata;upward_90_rounding_not_found_or_unsupported_in_product_metadata,,,[],[],[],[],[],[],[],[],,,,,,,"{""compare_at_price_currency"":""hkd"",""compare_at_price_hkd"":""0"",""compare_at_price_schema"":""v1""}","[{""metadata"":{""compare_at_price_hkd"":""0""},""price_id"":""price_1U8TeFRyM6dRKLtZuol9PSsc""}]",[]
MH-DOG-COMBO-012,COMBO Pure 魚肉米狗狗乾糧 540g｜COMBO Pure Fish & Rice Dry Dog Food 540g,prod_V8lA3QuLuCwOig,batch24-2026::b24-19,batch24_product_mapping.json,batch24-products-v1,B24-19,COMBO Pure,dogs,1,0,29,[7],[],cost_cny_not_found_in_supported_product_or_active_price_fields;target_margin_not_found_or_invalid_in_supported_product_metadata;cny_to_hkd_not_found_or_invalid_in_supported_product_metadata;upward_90_rounding_not_found_or_unsupported_in_product_metadata,,,[],[],[],[],[],[],[],[],,,,,,,"{""compare_at_price_currency"":""hkd"",""compare_at_price_hkd"":""0"",""compare_at_price_schema"":""v1""}","[{""metadata"":{""compare_at_price_hkd"":""0""},""price_id"":""price_1U8TeHRyM6dRKLtZVgeSBzyq""}]",[]
MH-DOG-COMBO-013,COMBO 捲心菜牛肉狗狗乾糧 720g｜COMBO Cabbage & Beef Dry Dog Food 720g,prod_V8kNDRrV7QQWc8,combo-dogfood-720g-2026::combo-dogfood-720g-cabbage-beef,user-confirmed-combo-dogfood-5,combo-dogfood-5-v1,COMBO-DOG-720-03,COMBO,dogs,1,0,28,[7],[],cost_cny_not_found_in_supported_product_or_active_price_fields;target_margin_not_found_or_invalid_in_supported_product_metadata;cny_to_hkd_not_found_or_invalid_in_supported_product_metadata;upward_90_rounding_not_found_or_unsupported_in_product_metadata,,,[],[],[],[],[],[],[],[],,,,,,,"{""compare_at_price_currency"":""hkd"",""compare_at_price_hkd"":""0"",""compare_at_price_schema"":""v1""}","[{""metadata"":{""compare_at_price_hkd"":""0""},""price_id"":""price_1U8SspRyM6dRKLtZdI80zla7""}]",[]
MH-DOG-COMBO-014,"COMBO 牛肉小魚乾芝士蔬菜狗狗乾糧 720g｜COMBO Beef, Dried Small Fish, Cheese & Vegetable Blend Dry Dog Food 720g",prod_V8kNSV91CKgxb8,combo-dogfood-720g-2026::combo-dogfood-720g-chicken-beef-small-fish,user-confirmed-combo-dogfood-5,combo-dogfood-5-v1,COMBO-DOG-720-01,COMBO,dogs,1,0,28,[7],[],cost_cny_not_found_in_supported_product_or_active_price_fields;target_margin_not_found_or_invalid_in_supported_product_metadata;cny_to_hkd_not_found_or_invalid_in_supported_product_metadata;upward_90_rounding_not_found_or_unsupported_in_product_metadata,,,[],[],[],[],[],[],[],[],,,,,,,"{""compare_at_price_currency"":""hkd"",""compare_at_price_hkd"":""0"",""compare_at_price_schema"":""v1""}","[{""metadata"":{""compare_at_price_hkd"":""0""},""price_id"":""price_1U8SsmRyM6dRKLtZ3iaLqEV5""}]",[]
MH-DOG-COMBO-015,COMBO 馬蘇里拉芝士角切狗狗乾糧 720g｜COMBO Mozzarella Cheese Cubes Dry Dog Food 720g,prod_V8kNDHKt8kCFkT,combo-dogfood-720g-2026::combo-dogfood-720g-chicken-cheese,user-confirmed-combo-dogfood-5,combo-dogfood-5-v1,COMBO-DOG-720-02,COMBO,dogs,1,0,28,[7],[],cost_cny_not_found_in_supported_product_or_active_price_fields;target_margin_not_found_or_invalid_in_supported_product_metadata;cny_to_hkd_not_found_or_invalid_in_supported_product_metadata;upward_90_rounding_not_found_or_unsupported_in_product_metadata,,,[],[],[],[],[],[],[],[],,,,,,,"{""compare_at_price_currency"":""hkd"",""compare_at_price_hkd"":""0"",""compare_at_price_schema"":""v1""}","[{""metadata"":{""compare_at_price_hkd"":""0""},""price_id"":""price_1U8SsoRyM6dRKLtZv82WvY8y""}]",[]
MH-DOG-COMBO-016,COMBO 低脂小魚乾雞肉狗狗乾糧 720g｜COMBO Low-Fat Dried Small Fish & Chicken Dry Dog Food 720g,prod_V8kNXGrzdUVGWS,combo-dogfood-720g-2026::combo-dogfood-720g-low-fat-chicken-vegetables-small-fish,user-confirmed-combo-dogfood-5,combo-dogfood-5-v1,COMBO-DOG-720-04,COMBO,dogs,1,0,28,[7],[],cost_cny_not_found_in_supported_product_or_active_price_fields;target_margin_not_found_or_invalid_in_supported_product_metadata;cny_to_hkd_not_found_or_invalid_in_supported_product_metadata;upward_90_rounding_not_found_or_unsupported_in_product_metadata,,,[],[],[],[],[],[],[],[],,,,,,,"{""compare_at_price_currency"":""hkd"",""compare_at_price_hkd"":""0"",""compare_at_price_schema"":""v1""}","[{""metadata"":{""compare_at_price_hkd"":""0""},""price_id"":""price_1U8SsqRyM6dRKLtZP2yQef0B""}]",[]
MH-DOG-COMBO-017,COMBO 低脂 7歲以上狗狗乾糧 720g｜COMBO Low-Fat Senior Dry Dog Food 720g,prod_V8kNg5nRdCoND1,combo-dogfood-720g-2026::combo-dogfood-720g-low-fat-senior-chicken-vegetables,user-confirmed-combo-dogfood-5,combo-dogfood-5-v1,COMBO-DOG-720-05,COMBO,dogs,1,0,28,[7],[],cost_cny_not_found_in_supported_product_or_active_price_fields;target_margin_not_found_or_invalid_in_supported_product_metadata;cny_to_hkd_not_found_or_invalid_in_supported_product_metadata;upward_90_rounding_not_found_or_unsupported_in_product_metadata,,,[],[],[],[],[],[],[],[],,,,,,,"{""compare_at_price_currency"":""hkd"",""compare_at_price_hkd"":""0"",""compare_at_price_schema"":""v1""}","[{""metadata"":{""compare_at_price_hkd"":""0""},""price_id"":""price_1U8SsrRyM6dRKLtZoKEOSOWV""}]",[]
MH-DOG-DBF-001,d.b.f 雞肉軟骨｜d.b.f Chicken Breast & Cartilage Dog Can 85g,prod_V8e1g0toA5TEk7,dbf-dog-cans-2026::dbf-01,dbf_dog_cans_23_items(1).xlsx,dbf-dog-cans-v1,DBF-01,d.b.f,dogs,1,1,31,[11],[7],cost_cny_not_found_in_supported_product_or_active_price_fields;target_margin_not_found_or_invalid_in_supported_product_metadata;cny_to_hkd_not_found_or_invalid_in_supported_product_metadata;upward_90_rounding_not_found_or_unsupported_in_product_metadata,,,[],[],[],[],[],[],[],[],,,,,,,"{""compare_at_price_currency"":""hkd"",""compare_at_price_hkd"":""0"",""compare_at_price_schema"":""v1""}","[{""metadata"":{""compare_at_price_hkd"":""0"",""mofu_tail_rounding_new_hkd"":""27.90"",""mofu_tail_rounding_old_hkd"":""27.20"",""mofu_tail_rounding_rule"":""ceil_to_90_v1"",""mofu_tail_rounding_source_price_id"":""price_1U8MjjRyM6dRKLtZu7FOBqEk""},""price_id"":""price_1U8VghRyM6dRKLtZxGwSE72f""}]","[{""metadata"":{""compare_at_price_hkd"":""0""},""price_id"":""price_1U8MjjRyM6dRKLtZu7FOBqEk""}]"
MH-DOG-DBF-002,d.b.f 雞胸肉&奶酪｜d.b.f Chicken Breast & Cheese Dog Can 85g,prod_V8e1ExxiCmg67D,dbf-dog-cans-2026::dbf-02,dbf_dog_cans_23_items(1).xlsx,dbf-dog-cans-v1,DBF-02,d.b.f,dogs,1,1,31,[11],[7],cost_cny_not_found_in_supported_product_or_active_price_fields;target_margin_not_found_or_invalid_in_supported_product_metadata;cny_to_hkd_not_found_or_invalid_in_supported_product_metadata;upward_90_rounding_not_found_or_unsupported_in_product_metadata,,,[],[],[],[],[],[],[],[],,,,,,,"{""compare_at_price_currency"":""hkd"",""compare_at_price_hkd"":""0"",""compare_at_price_schema"":""v1""}","[{""metadata"":{""compare_at_price_hkd"":""0"",""mofu_tail_rounding_new_hkd"":""27.90"",""mofu_tail_rounding_old_hkd"":""27.20"",""mofu_tail_rounding_rule"":""ceil_to_90_v1"",""mofu_tail_rounding_source_price_id"":""price_1U8MjlRyM6dRKLtZqQrmwQKO""},""price_id"":""price_1U8VgkRyM6dRKLtZ3NUks8VZ""}]","[{""metadata"":{""compare_at_price_hkd"":""0""},""price_id"":""price_1U8MjlRyM6dRKLtZqQrmwQKO""}]"
MH-DOG-DBF-003,d.b.f 雞胸肉濃湯｜d.b.f Chicken Breast in Soup Dog Can 85g,prod_V8e1MyE7x9BZDl,dbf-dog-cans-2026::dbf-03,dbf_dog_cans_23_items(1).xlsx,dbf-dog-cans-v1,DBF-03,d.b.f,dogs,1,1,31,[11],[7],cost_cny_not_found_in_supported_product_or_active_price_fields;target_margin_not_found_or_invalid_in_supported_product_metadata;cny_to_hkd_not_found_or_invalid_in_supported_product_metadata;upward_90_rounding_not_found_or_unsupported_in_product_metadata,,,[],[],[],[],[],[],[],[],,,,,,,"{""compare_at_price_currency"":""hkd"",""compare_at_price_hkd"":""0"",""compare_at_price_schema"":""v1""}","[{""metadata"":{""compare_at_price_hkd"":""0"",""mofu_tail_rounding_new_hkd"":""27.90"",""mofu_tail_rounding_old_hkd"":""27.20"",""mofu_tail_rounding_rule"":""ceil_to_90_v1"",""mofu_tail_rounding_source_price_id"":""price_1U8MjmRyM6dRKLtZS54nu4J8""},""price_id"":""price_1U8VglRyM6dRKLtZJSyEL0xC""}]","[{""metadata"":{""compare_at_price_hkd"":""0""},""price_id"":""price_1U8MjmRyM6dRKLtZS54nu4J8""}]"
MH-DOG-DBF-004,d.b.f 雞肉&芝士｜d.b.f Chicken & Cheese Adult Dog Can 85g,prod_V8e1qzONSyt8ru,dbf-dog-cans-2026::dbf-04,dbf_dog_cans_23_items(1).xlsx,dbf-dog-cans-v1,DBF-04,d.b.f,dogs,1,1,31,[11],[7],cost_cny_not_found_in_supported_product_or_active_price_fields;target_margin_not_found_or_invalid_in_supported_product_metadata;cny_to_hkd_not_found_or_invalid_in_supported_product_metadata;upward_90_rounding_not_found_or_unsupported_in_product_metadata,,,[],[],[],[],[],[],[],[],,,,,,,"{""compare_at_price_currency"":""hkd"",""compare_at_price_hkd"":""0"",""compare_at_price_schema"":""v1""}","[{""metadata"":{""compare_at_price_hkd"":""0"",""mofu_tail_rounding_new_hkd"":""27.90"",""mofu_tail_rounding_old_hkd"":""27.20"",""mofu_tail_rounding_rule"":""ceil_to_90_v1"",""mofu_tail_rounding_source_price_id"":""price_1U8MjnRyM6dRKLtZykaFN3I7""},""price_id"":""price_1U8VgaRyM6dRKLtZ506eApli""}]","[{""metadata"":{""compare_at_price_hkd"":""0""},""price_id"":""price_1U8MjnRyM6dRKLtZykaFN3I7""}]"
MH-DOG-DBF-005,d.b.f 雞肉&蔬菜｜d.b.f Chicken & Vegetables Adult Dog Can 85g,prod_V8e1XhfhroMZtV,dbf-dog-cans-2026::dbf-05,dbf_dog_cans_23_items(1).xlsx,dbf-dog-cans-v1,DBF-05,d.b.f,dogs,1,1,31,[11],[7],cost_cny_not_found_in_supported_product_or_active_price_fields;target_margin_not_found_or_invalid_in_supported_product_metadata;cny_to_hkd_not_found_or_invalid_in_supported_product_metadata;upward_90_rounding_not_found_or_unsupported_in_product_metadata,,,[],[],[],[],[],[],[],[],,,,,,,"{""compare_at_price_currency"":""hkd"",""compare_at_price_hkd"":""0"",""compare_at_price_schema"":""v1""}","[{""metadata"":{""compare_at_price_hkd"":""0"",""mofu_tail_rounding_new_hkd"":""27.90"",""mofu_tail_rounding_old_hkd"":""27.20"",""mofu_tail_rounding_rule"":""ceil_to_90_v1"",""mofu_tail_rounding_source_price_id"":""price_1U8MjoRyM6dRKLtZs1kvzOIA""},""price_id"":""price_1U8VgbRyM6dRKLtZlxvYMDLR""}]","[{""metadata"":{""compare_at_price_hkd"":""0""},""price_id"":""price_1U8MjoRyM6dRKLtZs1kvzOIA""}]"
MH-DOG-DBF-006,d.b.f 牛肉&軟骨｜d.b.f Beef & Cartilage Dog Can 85g,prod_V8e1nNRuozpeTU,dbf-dog-cans-2026::dbf-06,dbf_dog_cans_23_items(1).xlsx,dbf-dog-cans-v1,DBF-06,d.b.f,dogs,1,1,31,[11],[7],cost_cny_not_found_in_supported_product_or_active_price_fields;target_margin_not_found_or_invalid_in_supported_product_metadata;cny_to_hkd_not_found_or_invalid_in_supported_product_metadata;upward_90_rounding_not_found_or_unsupported_in_product_metadata,,,[],[],[],[],[],[],[],[],,,,,,,"{""compare_at_price_currency"":""hkd"",""compare_at_price_hkd"":""0"",""compare_at_price_schema"":""v1""}","[{""metadata"":{""compare_at_price_hkd"":""0"",""mofu_tail_rounding_new_hkd"":""27.90"",""mofu_tail_rounding_old_hkd"":""27.20"",""mofu_tail_rounding_rule"":""ceil_to_90_v1"",""mofu_tail_rounding_source_price_id"":""price_1U8MjpRyM6dRKLtZdKQiDKGv""},""price_id"":""price_1U8VgSRyM6dRKLtZs3ZbrVza""}]","[{""metadata"":{""compare_at_price_hkd"":""0""},""price_id"":""price_1U8MjpRyM6dRKLtZdKQiDKGv""}]"
MH-DOG-DBF-007,d.b.f 牛肉糜｜d.b.f Beef Mince Dog Can 65g,prod_V8e1Jgdnr9v8HM,dbf-dog-cans-2026::dbf-07,dbf_dog_cans_23_items(1).xlsx,dbf-dog-cans-v1,DBF-07,d.b.f,dogs,1,1,31,[11],[7],cost_cny_not_found_in_supported_product_or_active_price_fields;target_margin_not_found_or_invalid_in_supported_product_metadata;cny_to_hkd_not_found_or_invalid_in_supported_product_metadata;upward_90_rounding_not_found_or_unsupported_in_product_metadata,,,[],[],[],[],[],[],[],[],,,,,,,"{""compare_at_price_currency"":""hkd"",""compare_at_price_hkd"":""0"",""compare_at_price_schema"":""v1""}","[{""metadata"":{""compare_at_price_hkd"":""0"",""mofu_tail_rounding_new_hkd"":""26.90"",""mofu_tail_rounding_old_hkd"":""26.20"",""mofu_tail_rounding_rule"":""ceil_to_90_v1"",""mofu_tail_rounding_source_price_id"":""price_1U8MjrRyM6dRKLtZSuql6PWb""},""price_id"":""price_1U8VgVRyM6dRKLtZ7gyPlKxI""}]","[{""metadata"":{""compare_at_price_hkd"":""0""},""price_id"":""price_1U8MjrRyM6dRKLtZSuql6PWb""}]"
MH-DOG-DBF-008,d.b.f 雞肉&紅薯小粒｜d.b.f Chicken & Sweet Potato Adult Dog Can 85g,prod_V8e143elQIOfMM,dbf-dog-cans-2026::dbf-08,dbf_dog_cans_23_items(1).xlsx,dbf-dog-cans-v1,DBF-08,d.b.f,dogs,1,1,31,[11],[7],cost_cny_not_found_in_supported_product_or_active_price_fields;target_margin_not_found_or_invalid_in_supported_product_metadata;cny_to_hkd_not_found_or_invalid_in_supported_product_metadata;upward_90_rounding_not_found_or_unsupported_in_product_metadata,,,[],[],[],[],[],[],[],[],,,,,,,"{""compare_at_price_currency"":""hkd"",""compare_at_price_hkd"":""0"",""compare_at_price_schema"":""v1""}","[{""metadata"":{""compare_at_price_hkd"":""0"",""mofu_tail_rounding_new_hkd"":""27.90"",""mofu_tail_rounding_old_hkd"":""27.20"",""mofu_tail_rounding_rule"":""ceil_to_90_v1"",""mofu_tail_rounding_source_price_id"":""price_1U8MjsRyM6dRKLtZZt5pdap4""},""price_id"":""price_1U8VgYRyM6dRKLtZxDR4pp7h""}]","[{""metadata"":{""compare_at_price_hkd"":""0""},""price_id"":""price_1U8MjsRyM6dRKLtZZt5pdap4""}]"
MH-DOG-DBF-009,d.b.f 雞肉雞胗濃湯｜d.b.f Chicken Breast & Gizzard Soup Dog Can 85g,prod_V8e1Y4NZgoH3mG,dbf-dog-cans-2026::dbf-09,dbf_dog_cans_23_items(1).xlsx,dbf-dog-cans-v1,DBF-09,d.b.f,dogs,1,1,31,[11],[7],cost_cny_not_found_in_supported_product_or_active_price_fields;target_margin_not_found_or_invalid_in_supported_product_metadata;cny_to_hkd_not_found_or_invalid_in_supported_product_metadata;upward_90_rounding_not_found_or_unsupported_in_product_metadata,,,[],[],[],[],[],[],[],[],,,,,,,"{""compare_at_price_currency"":""hkd"",""compare_at_price_hkd"":""0"",""compare_at_price_schema"":""v1""}","[{""metadata"":{""compare_at_price_hkd"":""0"",""mofu_tail_rounding_new_hkd"":""27.90"",""mofu_tail_rounding_old_hkd"":""27.20"",""mofu_tail_rounding_rule"":""ceil_to_90_v1"",""mofu_tail_rounding_source_price_id"":""price_1U8MjtRyM6dRKLtZgCi1HZsz""},""price_id"":""price_1U8VgiRyM6dRKLtZPBByowjt""}]","[{""metadata"":{""compare_at_price_hkd"":""0""},""price_id"":""price_1U8MjtRyM6dRKLtZgCi1HZsz""}]"
MH-DOG-DBF-010,d.b.f 雞肉糜｜d.b.f Chicken Mince Dog Can 65g,prod_V8e1qdj8efQTs9,dbf-dog-cans-2026::dbf-10,dbf_dog_cans_23_items(1).xlsx,dbf-dog-cans-v1,DBF-10,d.b.f,dogs,1,0,31,[7],[],cost_cny_not_found_in_supported_product_or_active_price_fields;target_margin_not_found_or_invalid_in_supported_product_metadata;cny_to_hkd_not_found_or_invalid_in_supported_product_metadata;upward_90_rounding_not_found_or_unsupported_in_product_metadata,,,[],[],[],[],[],[],[],[],,,,,,,"{""compare_at_price_currency"":""hkd"",""compare_at_price_hkd"":""0"",""compare_at_price_schema"":""v1""}","[{""metadata"":{""compare_at_price_hkd"":""0""},""price_id"":""price_1U8MjuRyM6dRKLtZgrVX9mqI""}]",[]
MH-DOG-DBF-011,d.b.f 成犬之食事 雞肉軟骨｜d.b.f Adult Dog Meal Chicken & Cartilage 85g,prod_V8e1EgYIqCWkcb,dbf-dog-cans-2026::dbf-11,dbf_dog_cans_23_items(1).xlsx,dbf-dog-cans-v1,DBF-11,d.b.f,dogs,1,1,30,[11],[7],cost_cny_not_found_in_supported_product_or_active_price_fields;target_margin_not_found_or_invalid_in_supported_product_metadata;cny_to_hkd_not_found_or_invalid_in_supported_product_metadata;upward_90_rounding_not_found_or_unsupported_in_product_metadata,,,[],[],[],[],[],[],[],[],,,,,,,"{""compare_at_price_currency"":""hkd"",""compare_at_price_hkd"":""0"",""compare_at_price_schema"":""v1""}","[{""metadata"":{""compare_at_price_hkd"":""0"",""mofu_tail_rounding_new_hkd"":""27.90"",""mofu_tail_rounding_old_hkd"":""27.20"",""mofu_tail_rounding_rule"":""ceil_to_90_v1"",""mofu_tail_rounding_source_price_id"":""price_1U8MjwRyM6dRKLtZzQQYPfhc""},""price_id"":""price_1U8VgORyM6dRKLtZZ3aglbbL""}]","[{""metadata"":{""compare_at_price_hkd"":""0""},""price_id"":""price_1U8MjwRyM6dRKLtZzQQYPfhc""}]"
MH-DOG-DBF-012,d.b.f 成犬之食事 雞肉紅薯｜d.b.f Adult Dog Meal Chicken & Sweet Potato 85g,prod_V8e2wynYC6XsBo,dbf-dog-cans-2026::dbf-12,dbf_dog_cans_23_items(1).xlsx,dbf-dog-cans-v1,DBF-12,d.b.f,dogs,1,1,30,[11],[7],cost_cny_not_found_in_supported_product_or_active_price_fields;target_margin_not_found_or_invalid_in_supported_product_metadata;cny_to_hkd_not_found_or_invalid_in_supported_product_metadata;upward_90_rounding_not_found_or_unsupported_in_product_metadata,,,[],[],[],[],[],[],[],[],,,,,,,"{""compare_at_price_currency"":""hkd"",""compare_at_price_hkd"":""0"",""compare_at_price_schema"":""v1""}","[{""metadata"":{""compare_at_price_hkd"":""0"",""mofu_tail_rounding_new_hkd"":""27.90"",""mofu_tail_rounding_old_hkd"":""27.20"",""mofu_tail_rounding_rule"":""ceil_to_90_v1"",""mofu_tail_rounding_source_price_id"":""price_1U8MjxRyM6dRKLtZNrkRWKJG""},""price_id"":""price_1U8VgLRyM6dRKLtZAGauubws""}]","[{""metadata"":{""compare_at_price_hkd"":""0""},""price_id"":""price_1U8MjxRyM6dRKLtZNrkRWKJG""}]"
MH-DOG-DBF-013,d.b.f 成犬之食事 雞肉蔬菜｜d.b.f Adult Dog Meal Chicken & Vegetables 85g,prod_V8e2eck5fdwDtP,dbf-dog-cans-2026::dbf-13,dbf_dog_cans_23_items(1).xlsx,dbf-dog-cans-v1,DBF-13,d.b.f,dogs,1,1,30,[11],[7],cost_cny_not_found_in_supported_product_or_active_price_fields;target_margin_not_found_or_invalid_in_supported_product_metadata;cny_to_hkd_not_found_or_invalid_in_supported_product_metadata;upward_90_rounding_not_found_or_unsupported_in_product_metadata,,,[],[],[],[],[],[],[],[],,,,,,,"{""compare_at_price_currency"":""hkd"",""compare_at_price_hkd"":""0"",""compare_at_price_schema"":""v1""}","[{""metadata"":{""compare_at_price_hkd"":""0"",""mofu_tail_rounding_new_hkd"":""27.90"",""mofu_tail_rounding_old_hkd"":""27.20"",""mofu_tail_rounding_rule"":""ceil_to_90_v1"",""mofu_tail_rounding_source_price_id"":""price_1U8MjyRyM6dRKLtZJwtTT5tl""},""price_id"":""price_1U8VgNRyM6dRKLtZQs8turyO""}]","[{""metadata"":{""compare_at_price_hkd"":""0""},""price_id"":""price_1U8MjyRyM6dRKLtZJwtTT5tl""}]"
MH-DOG-DBF-014,d.b.f 高齡犬之食事 雞肉紅薯 (7歲及以上)｜d.b.f Senior Dog Meal Chicken & Sweet Potato 85g,prod_V8e2hvyqfhk59B,dbf-dog-cans-2026::dbf-14,dbf_dog_cans_23_items(1).xlsx,dbf-dog-cans-v1,DBF-14,d.b.f,dogs,1,1,34,[11],[7],cost_cny_not_found_in_supported_product_or_active_price_fields;target_margin_not_found_or_invalid_in_supported_product_metadata;cny_to_hkd_not_found_or_invalid_in_supported_product_metadata;upward_90_rounding_not_found_or_unsupported_in_product_metadata,,,[],[],[],[],[],[],[],[],,,,,,,"{""compare_at_price_currency"":""hkd"",""compare_at_price_hkd"":""0"",""compare_at_price_schema"":""v1"",""market_reference_price_hkd"":""36.00""}","[{""metadata"":{""compare_at_price_hkd"":""0"",""mofu_tail_rounding_new_hkd"":""27.90"",""mofu_tail_rounding_old_hkd"":""27.20"",""mofu_tail_rounding_rule"":""ceil_to_90_v1"",""mofu_tail_rounding_source_price_id"":""price_1U8MjzRyM6dRKLtZ8JI5wZNn""},""price_id"":""price_1U8VgrRyM6dRKLtZQQyAMw9r""}]","[{""metadata"":{""compare_at_price_hkd"":""0""},""price_id"":""price_1U8MjzRyM6dRKLtZ8JI5wZNn""}]"
MH-DOG-DBF-015,d.b.f 牛肉紅薯｜d.b.f Beef & Sweet Potato Dog Can 85g,prod_V8e2hyOUdfOwnM,dbf-dog-cans-2026::dbf-15,dbf_dog_cans_23_items(1).xlsx,dbf-dog-cans-v1,DBF-15,d.b.f,dogs,1,1,30,[11],[7],cost_cny_not_found_in_supported_product_or_active_price_fields;target_margin_not_found_or_invalid_in_supported_product_metadata;cny_to_hkd_not_found_or_invalid_in_supported_product_metadata;upward_90_rounding_not_found_or_unsupported_in_product_metadata,,,[],[],[],[],[],[],[],[],,,,,,,"{""compare_at_price_currency"":""hkd"",""compare_at_price_hkd"":""0"",""compare_at_price_schema"":""v1""}","[{""metadata"":{""compare_at_price_hkd"":""0"",""mofu_tail_rounding_new_hkd"":""31.90"",""mofu_tail_rounding_old_hkd"":""31.00"",""mofu_tail_rounding_rule"":""ceil_to_90_v1"",""mofu_tail_rounding_source_price_id"":""price_1U8Mk0RyM6dRKLtZpeUC4vQR""},""price_id"":""price_1U8VgXRyM6dRKLtZ1809VYTH""}]","[{""metadata"":{""compare_at_price_hkd"":""0""},""price_id"":""price_1U8Mk0RyM6dRKLtZpeUC4vQR""}]"
MH-DOG-DBF-016,d.b.f 高齡犬之食事 雞肉 (7歲及以上)｜d.b.f Senior Dog Meal Chicken 85g,prod_V8e22XlcOMIRus,dbf-dog-cans-2026::dbf-16,dbf_dog_cans_23_items(1).xlsx,dbf-dog-cans-v1,DBF-16,d.b.f,dogs,1,1,30,[11],[7],cost_cny_not_found_in_supported_product_or_active_price_fields;target_margin_not_found_or_invalid_in_supported_product_metadata;cny_to_hkd_not_found_or_invalid_in_supported_product_metadata;upward_90_rounding_not_found_or_unsupported_in_product_metadata,,,[],[],[],[],[],[],[],[],,,,,,,"{""compare_at_price_currency"":""hkd"",""compare_at_price_hkd"":""0"",""compare_at_price_schema"":""v1""}","[{""metadata"":{""compare_at_price_hkd"":""0"",""mofu_tail_rounding_new_hkd"":""27.90"",""mofu_tail_rounding_old_hkd"":""27.20"",""mofu_tail_rounding_rule"":""ceil_to_90_v1"",""mofu_tail_rounding_source_price_id"":""price_1U8Mk1RyM6dRKLtZ4RavK0YS""},""price_id"":""price_1U8VgpRyM6dRKLtZtyzfIREm""}]","[{""metadata"":{""compare_at_price_hkd"":""0""},""price_id"":""price_1U8Mk1RyM6dRKLtZ4RavK0YS""}]"
MH-DOG-DBF-017,d.b.f 高齡犬之食事 雞肉蔬菜 (7歲及以上)｜d.b.f Senior Dog Meal Chicken & Vegetables 85g,prod_V8e2oW8u6WCtg5,dbf-dog-cans-2026::dbf-17,dbf_dog_cans_23_items(1).xlsx,dbf-dog-cans-v1,DBF-17,d.b.f,dogs,1,1,30,[11],[7],cost_cny_not_found_in_supported_product_or_active_price_fields;target_margin_not_found_or_invalid_in_supported_product_metadata;cny_to_hkd_not_found_or_invalid_in_supported_product_metadata;upward_90_rounding_not_found_or_unsupported_in_product_metadata,,,[],[],[],[],[],[],[],[],,,,,,,"{""compare_at_price_currency"":""hkd"",""compare_at_price_hkd"":""0"",""compare_at_price_schema"":""v1""}","[{""metadata"":{""compare_at_price_hkd"":""0"",""mofu_tail_rounding_new_hkd"":""27.90"",""mofu_tail_rounding_old_hkd"":""27.20"",""mofu_tail_rounding_rule"":""ceil_to_90_v1"",""mofu_tail_rounding_source_price_id"":""price_1U8Mk2RyM6dRKLtZaS78tI3D""},""price_id"":""price_1U8VgsRyM6dRKLtZZdvsRHV7""}]","[{""metadata"":{""compare_at_price_hkd"":""0""},""price_id"":""price_1U8Mk2RyM6dRKLtZaS78tI3D""}]"
MH-DOG-DBF-018,d.b.f 成犬之食事 雞肉｜d.b.f Adult Dog Meal Chicken 85g,prod_V8e2MnRWL8I3ON,dbf-dog-cans-2026::dbf-18,dbf_dog_cans_23_items(1).xlsx,dbf-dog-cans-v1,DBF-18,d.b.f,dogs,1,1,30,[11],[7],cost_cny_not_found_in_supported_product_or_active_price_fields;target_margin_not_found_or_invalid_in_supported_product_metadata;cny_to_hkd_not_found_or_invalid_in_supported_product_metadata;upward_90_rounding_not_found_or_unsupported_in_product_metadata,,,[],[],[],[],[],[],[],[],,,,,,,"{""compare_at_price_currency"":""hkd"",""compare_at_price_hkd"":""0"",""compare_at_price_schema"":""v1""}","[{""metadata"":{""compare_at_price_hkd"":""0"",""mofu_tail_rounding_new_hkd"":""31.90"",""mofu_tail_rounding_old_hkd"":""31.00"",""mofu_tail_rounding_rule"":""ceil_to_90_v1"",""mofu_tail_rounding_source_price_id"":""price_1U8Mk3RyM6dRKLtZTppwNBjF""},""price_id"":""price_1U8VgQRyM6dRKLtZoohhjjug""}]","[{""metadata"":{""compare_at_price_hkd"":""0""},""price_id"":""price_1U8Mk3RyM6dRKLtZTppwNBjF""}]"
MH-DOG-DBF-019,d.b.f 牛肉奶酪｜d.b.f Beef & Cheese Dog Can 85g,prod_V8e2EKKmnHUR8w,dbf-dog-cans-2026::dbf-19,dbf_dog_cans_23_items(1).xlsx,dbf-dog-cans-v1,DBF-19,d.b.f,dogs,1,1,34,[11],[7],cost_cny_not_found_in_supported_product_or_active_price_fields;target_margin_not_found_or_invalid_in_supported_product_metadata;cny_to_hkd_not_found_or_invalid_in_supported_product_metadata;upward_90_rounding_not_found_or_unsupported_in_product_metadata,,,[],[],[],[],[],[],[],[],,,,,,,"{""compare_at_price_currency"":""hkd"",""compare_at_price_hkd"":""0"",""compare_at_price_schema"":""v1"",""market_reference_price_hkd"":""37.00""}","[{""metadata"":{""compare_at_price_hkd"":""0"",""mofu_tail_rounding_new_hkd"":""27.90"",""mofu_tail_rounding_old_hkd"":""27.20"",""mofu_tail_rounding_rule"":""ceil_to_90_v1"",""mofu_tail_rounding_source_price_id"":""price_1U8Mk5RyM6dRKLtZiCiyDU7w""},""price_id"":""price_1U8VgTRyM6dRKLtZXyxJ7VDz""}]","[{""metadata"":{""compare_at_price_hkd"":""0""},""price_id"":""price_1U8Mk5RyM6dRKLtZiCiyDU7w""}]"
MH-DOG-DBF-020,d.b.f 高齡犬之食事 雞肉軟骨 (7歲及以上)｜d.b.f Senior Dog Meal Chicken & Cartilage 85g,prod_V8e2NVxYYDt7TI,dbf-dog-cans-2026::dbf-20,dbf_dog_cans_23_items(1).xlsx,dbf-dog-cans-v1,DBF-20,d.b.f,dogs,1,1,30,[11],[7],cost_cny_not_found_in_supported_product_or_active_price_fields;target_margin_not_found_or_invalid_in_supported_product_metadata;cny_to_hkd_not_found_or_invalid_in_supported_product_metadata;upward_90_rounding_not_found_or_unsupported_in_product_metadata,,,[],[],[],[],[],[],[],[],,,,,,,"{""compare_at_price_currency"":""hkd"",""compare_at_price_hkd"":""0"",""compare_at_price_schema"":""v1""}","[{""metadata"":{""compare_at_price_hkd"":""0"",""mofu_tail_rounding_new_hkd"":""27.90"",""mofu_tail_rounding_old_hkd"":""27.20"",""mofu_tail_rounding_rule"":""ceil_to_90_v1"",""mofu_tail_rounding_source_price_id"":""price_1U8Mk6RyM6dRKLtZdPVouCpG""},""price_id"":""price_1U8VguRyM6dRKLtZcl3gkGhu""}]","[{""metadata"":{""compare_at_price_hkd"":""0""},""price_id"":""price_1U8Mk6RyM6dRKLtZdPVouCpG""}]"
MH-DOG-DBF-021,d.b.f 雞胸肉糜 (脂肪含量更少 0.5% 以上)｜d.b.f Chicken Breast Mince Low-fat Dog Can 65g,prod_V8e2HgqFtfTeZ3,dbf-dog-cans-2026::dbf-21,dbf_dog_cans_23_items(1).xlsx,dbf-dog-cans-v1,DBF-21,d.b.f,dogs,1,1,31,[11],[7],cost_cny_not_found_in_supported_product_or_active_price_fields;target_margin_not_found_or_invalid_in_supported_product_metadata;cny_to_hkd_not_found_or_invalid_in_supported_product_metadata;upward_90_rounding_not_found_or_unsupported_in_product_metadata,,,[],[],[],[],[],[],[],[],,,,,,,"{""compare_at_price_currency"":""hkd"",""compare_at_price_hkd"":""0"",""compare_at_price_schema"":""v1""}","[{""metadata"":{""compare_at_price_hkd"":""0"",""mofu_tail_rounding_new_hkd"":""26.90"",""mofu_tail_rounding_old_hkd"":""26.20"",""mofu_tail_rounding_rule"":""ceil_to_90_v1"",""mofu_tail_rounding_source_price_id"":""price_1U8Mk7RyM6dRKLtZ8AVIBMHb""},""price_id"":""price_1U8VgnRyM6dRKLtZpoXJ8AO1""}]","[{""metadata"":{""compare_at_price_hkd"":""0""},""price_id"":""price_1U8Mk7RyM6dRKLtZ8AVIBMHb""}]"
MH-DOG-DBF-022,d.b.f 雞肉&雞胸肉糜蔬菜｜d.b.f Chicken & Chicken Breast Mince with Vegetables 150g,prod_V8e2yXi5ewIEg5,dbf-dog-cans-2026::dbf-22,dbf_dog_cans_23_items(1).xlsx,dbf-dog-cans-v1,DBF-22,d.b.f,dogs,1,1,31,[11],[7],cost_cny_not_found_in_supported_product_or_active_price_fields;target_margin_not_found_or_invalid_in_supported_product_metadata;cny_to_hkd_not_found_or_invalid_in_supported_product_metadata;upward_90_rounding_not_found_or_unsupported_in_product_metadata,,,[],[],[],[],[],[],[],[],,,,,,,"{""compare_at_price_currency"":""hkd"",""compare_at_price_hkd"":""0"",""compare_at_price_schema"":""v1""}","[{""metadata"":{""compare_at_price_hkd"":""0"",""mofu_tail_rounding_new_hkd"":""43.90"",""mofu_tail_rounding_old_hkd"":""43.20"",""mofu_tail_rounding_rule"":""ceil_to_90_v1"",""mofu_tail_rounding_source_price_id"":""price_1U8Mk8RyM6dRKLtZmpxM3Pkv""},""price_id"":""price_1U8VgfRyM6dRKLtZ4FJtM5x2""}]","[{""metadata"":{""compare_at_price_hkd"":""0""},""price_id"":""price_1U8Mk8RyM6dRKLtZmpxM3Pkv""}]"
MH-DOG-DBF-023,d.b.f 雞肉&雞胸肉糜紅薯｜d.b.f Chicken & Chicken Breast Mince with Sweet Potato 150g,prod_V8e2NpxQsXvHOA,dbf-dog-cans-2026::dbf-23,dbf_dog_cans_23_items(1).xlsx,dbf-dog-cans-v1,DBF-23,d.b.f,dogs,1,1,31,[11],[7],cost_cny_not_found_in_supported_product_or_active_price_fields;target_margin_not_found_or_invalid_in_supported_product_metadata;cny_to_hkd_not_found_or_invalid_in_supported_product_metadata;upward_90_rounding_not_found_or_unsupported_in_product_metadata,,,[],[],[],[],[],[],[],[],,,,,,,"{""compare_at_price_currency"":""hkd"",""compare_at_price_hkd"":""0"",""compare_at_price_schema"":""v1""}","[{""metadata"":{""compare_at_price_hkd"":""0"",""mofu_tail_rounding_new_hkd"":""43.90"",""mofu_tail_rounding_old_hkd"":""43.20"",""mofu_tail_rounding_rule"":""ceil_to_90_v1"",""mofu_tail_rounding_source_price_id"":""price_1U8Mk9RyM6dRKLtZqnz6aOLE""},""price_id"":""price_1U8VgdRyM6dRKLtZrks64yvz""}]","[{""metadata"":{""compare_at_price_hkd"":""0""},""price_id"":""price_1U8Mk9RyM6dRKLtZqnz6aOLE""}]"
MH-DOG-DGM-001,DoggyMan 爆漿夾心卷（雞肝）｜DoggyMan Creamy Chicken Liver Roll Treats,prod_V8cru9Bp0V6puG,snack-order-2026::doggyman-creamy-chicken-liver-roll-treats,MofuHaven_Order_For_Boss.md,japanese-snacks-v1,,DoggyMan,dogs,1,1,27,[10],[6],cost_cny_not_found_in_supported_product_or_active_price_fields;target_margin_not_found_or_invalid_in_supported_product_metadata;cny_to_hkd_not_found_or_invalid_in_supported_product_metadata;upward_90_rounding_not_found_or_unsupported_in_product_metadata,,,[],[],[],[],[],[],[],[],,,,,,,"{""compare_at_price_currency"":""hkd"",""compare_at_price_hkd"":""55"",""compare_at_price_schema"":""v1""}","[{""metadata"":{""compare_at_price_hkd"":""55"",""mofu_tail_rounding_new_hkd"":""45.90"",""mofu_tail_rounding_old_hkd"":""45.00"",""mofu_tail_rounding_rule"":""ceil_to_90_v1"",""mofu_tail_rounding_source_price_id"":""price_1U8LbMRyM6dRKLtZJycelpKW""},""price_id"":""price_1U8VgDRyM6dRKLtZ24NTG3uj""}]","[{""metadata"":{""compare_at_price_hkd"":""55""},""price_id"":""price_1U8LbMRyM6dRKLtZJycelpKW""}]"
MH-DOG-DGM-002,DoggyMan 爆漿夾心卷（雞肉）｜DoggyMan Creamy Chicken Roll Treats,prod_V8cr46ftMdO2E3,snack-order-2026::doggyman-creamy-chicken-roll-treats,MofuHaven_Order_For_Boss.md,japanese-snacks-v1,,DoggyMan,dogs,1,1,50,[10],[6],cost_cny_not_found_in_supported_product_or_active_price_fields;target_margin_not_found_or_invalid_in_supported_product_metadata;cny_to_hkd_not_found_or_invalid_in_supported_product_metadata;upward_90_rounding_not_found_or_unsupported_in_product_metadata,,,[],[],[],[],[],[],[],[],,,,,,,"{""compare_at_price_currency"":""hkd"",""compare_at_price_hkd"":""55"",""compare_at_price_schema"":""v1""}","[{""metadata"":{""compare_at_price_hkd"":""55"",""mofu_tail_rounding_new_hkd"":""45.90"",""mofu_tail_rounding_old_hkd"":""45.00"",""mofu_tail_rounding_rule"":""ceil_to_90_v1"",""mofu_tail_rounding_source_price_id"":""price_1U8LbLRyM6dRKLtZsRMukgnW""},""price_id"":""price_1U8VgBRyM6dRKLtZv2Xk9e47""}]","[{""metadata"":{""compare_at_price_hkd"":""55""},""price_id"":""price_1U8LbLRyM6dRKLtZsRMukgnW""}]"
MH-DOG-IRIS-001,牛肉口味罐頭（Beef）,prod_V8Zo9dzijaQ39p,onecared-can::beef,MofuHaven_7_Flavors_Tiered_Pricing.csv,,,ONE CARE,dogs,3,3,28,"[13,13,13]","[9,9,9]",cost_cny_not_found_in_supported_product_or_active_price_fields;target_margin_not_found_or_invalid_in_supported_product_metadata;cny_to_hkd_not_found_or_invalid_in_supported_product_metadata;upward_90_rounding_not_found_or_unsupported_in_product_metadata,,,[],[],[],[],[],[],[],[],,,,,,,"{""compare_at_price_currency"":""hkd"",""compare_at_price_hkd"":""0"",""compare_at_price_schema"":""v1""}","[{""metadata"":{""compare_at_price_currency"":""hkd"",""compare_at_price_hkd"":""228.00"",""compare_at_price_schema"":""v1"",""mofu_tail_rounding_new_hkd"":""188.90"",""mofu_tail_rounding_old_hkd"":""188.00"",""mofu_tail_rounding_rule"":""ceil_to_90_v1"",""mofu_tail_rounding_source_price_id"":""price_1U8IfNRyM6dRKLtZGPHdtDL0""},""price_id"":""price_1U8VhIRyM6dRKLtZM1d1iDY5""},{""metadata"":{""compare_at_price_currency"":""hkd"",""compare_at_price_hkd"":""118.00"",""compare_at_price_schema"":""v1"",""mofu_tail_rounding_new_hkd"":""98.90"",""mofu_tail_rounding_old_hkd"":""98.00"",""mofu_tail_rounding_rule"":""ceil_to_90_v1"",""mofu_tail_rounding_source_price_id"":""price_1U8IfMRyM6dRKLtZS6WKYFgs""},""price_id"":""price_1U8VhHRyM6dRKLtZz2uFya7W""},{""metadata"":{""compare_at_price_currency"":""hkd"",""compare_at_price_hkd"":""55.00"",""compare_at_price_schema"":""v1"",""mofu_tail_rounding_new_hkd"":""45.90"",""mofu_tail_rounding_old_hkd"":""45.00"",""mofu_tail_rounding_rule"":""ceil_to_90_v1"",""mofu_tail_rounding_source_price_id"":""price_1U8IfMRyM6dRKLtZAW7XR91z""},""price_id"":""price_1U8VhFRyM6dRKLtZwbD6Db3k""}]","[{""metadata"":{""compare_at_price_currency"":""hkd"",""compare_at_price_hkd"":""228.00"",""compare_at_price_schema"":""v1""},""price_id"":""price_1U8IfNRyM6dRKLtZGPHdtDL0""},{""metadata"":{""compare_at_price_currency"":""hkd"",""compare_at_price_hkd"":""118.00"",""compare_at_price_schema"":""v1""},""price_id"":""price_1U8IfMRyM6dRKLtZS6WKYFgs""},{""metadata"":{""compare_at_price_currency"":""hkd"",""compare_at_price_hkd"":""55.00"",""compare_at_price_schema"":""v1""},""price_id"":""price_1U8IfMRyM6dRKLtZAW7XR91z""}]"
MH-DOG-IRIS-002,雞肝口味罐頭（Chicken Liver）,prod_V8ZodBXbffvz6o,onecared-can::chicken-liver,MofuHaven_7_Flavors_Tiered_Pricing.csv,,,ONE CARE,dogs,3,3,28,"[13,13,13]","[9,9,9]",cost_cny_not_found_in_supported_product_or_active_price_fields;target_margin_not_found_or_invalid_in_supported_product_metadata;cny_to_hkd_not_found_or_invalid_in_supported_product_metadata;upward_90_rounding_not_found_or_unsupported_in_product_metadata,,,[],[],[],[],[],[],[],[],,,,,,,"{""compare_at_price_currency"":""hkd"",""compare_at_price_hkd"":""0"",""compare_at_price_schema"":""v1""}","[{""metadata"":{""compare_at_price_currency"":""hkd"",""compare_at_price_hkd"":""228.00"",""compare_at_price_schema"":""v1"",""mofu_tail_rounding_new_hkd"":""188.90"",""mofu_tail_rounding_old_hkd"":""188.00"",""mofu_tail_rounding_rule"":""ceil_to_90_v1"",""mofu_tail_rounding_source_price_id"":""price_1U8IfLRyM6dRKLtZ5WlIVIjU""},""price_id"":""price_1U8VhgRyM6dRKLtZXSGwxJUo""},{""metadata"":{""compare_at_price_currency"":""hkd"",""compare_at_price_hkd"":""118.00"",""compare_at_price_schema"":""v1"",""mofu_tail_rounding_new_hkd"":""98.90"",""mofu_tail_rounding_old_hkd"":""98.00"",""mofu_tail_rounding_rule"":""ceil_to_90_v1"",""mofu_tail_rounding_source_price_id"":""price_1U8IfKRyM6dRKLtZXfHsky4S""},""price_id"":""price_1U8VheRyM6dRKLtZFEetoprF""},{""metadata"":{""compare_at_price_currency"":""hkd"",""compare_at_price_hkd"":""55.00"",""compare_at_price_schema"":""v1"",""mofu_tail_rounding_new_hkd"":""45.90"",""mofu_tail_rounding_old_hkd"":""45.00"",""mofu_tail_rounding_rule"":""ceil_to_90_v1"",""mofu_tail_rounding_source_price_id"":""price_1U8IfKRyM6dRKLtZJhyYclam""},""price_id"":""price_1U8VhdRyM6dRKLtZcp5X8ifb""}]","[{""metadata"":{""compare_at_price_currency"":""hkd"",""compare_at_price_hkd"":""228.00"",""compare_at_price_schema"":""v1""},""price_id"":""price_1U8IfLRyM6dRKLtZ5WlIVIjU""},{""metadata"":{""compare_at_price_currency"":""hkd"",""compare_at_price_hkd"":""118.00"",""compare_at_price_schema"":""v1""},""price_id"":""price_1U8IfKRyM6dRKLtZXfHsky4S""},{""metadata"":{""compare_at_price_currency"":""hkd"",""compare_at_price_hkd"":""55.00"",""compare_at_price_schema"":""v1""},""price_id"":""price_1U8IfKRyM6dRKLtZJhyYclam""}]"
MH-DOG-IRIS-003,雞肉口味罐頭（Chicken）,prod_V8ZpDXl9RWMDbc,onecared-can::chicken,MofuHaven_7_Flavors_Tiered_Pricing.csv,,,ONE CARE,dogs,3,3,28,"[13,13,13]","[9,9,9]",cost_cny_not_found_in_supported_product_or_active_price_fields;target_margin_not_found_or_invalid_in_supported_product_metadata;cny_to_hkd_not_found_or_invalid_in_supported_product_metadata;upward_90_rounding_not_found_or_unsupported_in_product_metadata,,,[],[],[],[],[],[],[],[],,,,,,,"{""compare_at_price_currency"":""hkd"",""compare_at_price_hkd"":""0"",""compare_at_price_schema"":""v1""}","[{""metadata"":{""compare_at_price_currency"":""hkd"",""compare_at_price_hkd"":""228.00"",""compare_at_price_schema"":""v1"",""mofu_tail_rounding_new_hkd"":""188.90"",""mofu_tail_rounding_old_hkd"":""188.00"",""mofu_tail_rounding_rule"":""ceil_to_90_v1"",""mofu_tail_rounding_source_price_id"":""price_1U8IfPRyM6dRKLtZZvEkxzht""},""price_id"":""price_1U8VhbRyM6dRKLtZwAu2ieZo""},{""metadata"":{""compare_at_price_currency"":""hkd"",""compare_at_price_hkd"":""118.00"",""compare_at_price_schema"":""v1"",""mofu_tail_rounding_new_hkd"":""98.90"",""mofu_tail_rounding_old_hkd"":""98.00"",""mofu_tail_rounding_rule"":""ceil_to_90_v1"",""mofu_tail_rounding_source_price_id"":""price_1U8IfPRyM6dRKLtZaTG7GkVd""},""price_id"":""price_1U8VhaRyM6dRKLtZDuPhfSTS""},{""metadata"":{""compare_at_price_currency"":""hkd"",""compare_at_price_hkd"":""55.00"",""compare_at_price_schema"":""v1"",""mofu_tail_rounding_new_hkd"":""45.90"",""mofu_tail_rounding_old_hkd"":""45.00"",""mofu_tail_rounding_rule"":""ceil_to_90_v1"",""mofu_tail_rounding_source_price_id"":""price_1U8IfPRyM6dRKLtZzUHyUrAN""},""price_id"":""price_1U8VhYRyM6dRKLtZGsnu90Cl""}]","[{""metadata"":{""compare_at_price_currency"":""hkd"",""compare_at_price_hkd"":""228.00"",""compare_at_price_schema"":""v1""},""price_id"":""price_1U8IfPRyM6dRKLtZZvEkxzht""},{""metadata"":{""compare_at_price_currency"":""hkd"",""compare_at_price_hkd"":""118.00"",""compare_at_price_schema"":""v1""},""price_id"":""price_1U8IfPRyM6dRKLtZaTG7GkVd""},{""metadata"":{""compare_at_price_currency"":""hkd"",""compare_at_price_hkd"":""55.00"",""compare_at_price_schema"":""v1""},""price_id"":""price_1U8IfPRyM6dRKLtZzUHyUrAN""}]"
MH-DOG-IRIS-004,新款 2個口味拼罐頭（New 2-Flavor Mix）,prod_V8ZoNtJinLFNNG,onecared-can::new-2-flavor-mix,MofuHaven_7_Flavors_Tiered_Pricing.csv,,,ONE CARE,dogs,3,3,28,"[13,13,13]","[9,9,9]",cost_cny_not_found_in_supported_product_or_active_price_fields;target_margin_not_found_or_invalid_in_supported_product_metadata;cny_to_hkd_not_found_or_invalid_in_supported_product_metadata;upward_90_rounding_not_found_or_unsupported_in_product_metadata,,,[],[],[],[],[],[],[],[],,,,,,,"{""compare_at_price_currency"":""hkd"",""compare_at_price_hkd"":""0"",""compare_at_price_schema"":""v1""}","[{""metadata"":{""compare_at_price_currency"":""hkd"",""compare_at_price_hkd"":""238.00"",""compare_at_price_schema"":""v1"",""mofu_tail_rounding_new_hkd"":""198.90"",""mofu_tail_rounding_old_hkd"":""198.00"",""mofu_tail_rounding_rule"":""ceil_to_90_v1"",""mofu_tail_rounding_source_price_id"":""price_1U8IfJRyM6dRKLtZ5lVZpzn4""},""price_id"":""price_1U8Vh4RyM6dRKLtZAatzUjjE""},{""metadata"":{""compare_at_price_currency"":""hkd"",""compare_at_price_hkd"":""128.00"",""compare_at_price_schema"":""v1"",""mofu_tail_rounding_new_hkd"":""108.90"",""mofu_tail_rounding_old_hkd"":""108.00"",""mofu_tail_rounding_rule"":""ceil_to_90_v1"",""mofu_tail_rounding_source_price_id"":""price_1U8IfIRyM6dRKLtZXGlG44su""},""price_id"":""price_1U8Vh2RyM6dRKLtZ0lZlFrKf""},{""metadata"":{""compare_at_price_currency"":""hkd"",""compare_at_price_hkd"":""55.00"",""compare_at_price_schema"":""v1"",""mofu_tail_rounding_new_hkd"":""45.90"",""mofu_tail_rounding_old_hkd"":""45.00"",""mofu_tail_rounding_rule"":""ceil_to_90_v1"",""mofu_tail_rounding_source_price_id"":""price_1U8IfIRyM6dRKLtZTjit5nxL""},""price_id"":""price_1U8Vh1RyM6dRKLtZ2pb9imkA""}]","[{""metadata"":{""compare_at_price_currency"":""hkd"",""compare_at_price_hkd"":""238.00"",""compare_at_price_schema"":""v1""},""price_id"":""price_1U8IfJRyM6dRKLtZ5lVZpzn4""},{""metadata"":{""compare_at_price_currency"":""hkd"",""compare_at_price_hkd"":""128.00"",""compare_at_price_schema"":""v1""},""price_id"":""price_1U8IfIRyM6dRKLtZXGlG44su""},{""metadata"":{""compare_at_price_currency"":""hkd"",""compare_at_price_hkd"":""55.00"",""compare_at_price_schema"":""v1""},""price_id"":""price_1U8IfIRyM6dRKLtZTjit5nxL""}]"
MH-DOG-IRIS-005,新款牛肉米飯罐頭（New Beef & Rice）,prod_V8ZoJ2fwrBOiHL,onecared-can::new-beef-and-rice,MofuHaven_7_Flavors_Tiered_Pricing.csv,,,ONE CARE,dogs,3,3,28,"[13,13,13]","[9,9,9]",cost_cny_not_found_in_supported_product_or_active_price_fields;target_margin_not_found_or_invalid_in_supported_product_metadata;cny_to_hkd_not_found_or_invalid_in_supported_product_metadata;upward_90_rounding_not_found_or_unsupported_in_product_metadata,,,[],[],[],[],[],[],[],[],,,,,,,"{""compare_at_price_currency"":""hkd"",""compare_at_price_hkd"":""0"",""compare_at_price_schema"":""v1""}","[{""metadata"":{""compare_at_price_currency"":""hkd"",""compare_at_price_hkd"":""228.00"",""compare_at_price_schema"":""v1"",""mofu_tail_rounding_new_hkd"":""188.90"",""mofu_tail_rounding_old_hkd"":""188.00"",""mofu_tail_rounding_rule"":""ceil_to_90_v1"",""mofu_tail_rounding_source_price_id"":""price_1U8IfHRyM6dRKLtZxOXBpbhI""},""price_id"":""price_1U8Vh8RyM6dRKLtZHSPJQw7B""},{""metadata"":{""compare_at_price_currency"":""hkd"",""compare_at_price_hkd"":""118.00"",""compare_at_price_schema"":""v1"",""mofu_tail_rounding_new_hkd"":""98.90"",""mofu_tail_rounding_old_hkd"":""98.00"",""mofu_tail_rounding_rule"":""ceil_to_90_v1"",""mofu_tail_rounding_source_price_id"":""price_1U8IfGRyM6dRKLtZp9VesQPP""},""price_id"":""price_1U8Vh7RyM6dRKLtZJXZ94rLD""},{""metadata"":{""compare_at_price_currency"":""hkd"",""compare_at_price_hkd"":""55.00"",""compare_at_price_schema"":""v1"",""mofu_tail_rounding_new_hkd"":""45.90"",""mofu_tail_rounding_old_hkd"":""45.00"",""mofu_tail_rounding_rule"":""ceil_to_90_v1"",""mofu_tail_rounding_source_price_id"":""price_1U8IfGRyM6dRKLtZeKaymGlJ""},""price_id"":""price_1U8Vh5RyM6dRKLtZbYoXHN33""}]","[{""metadata"":{""compare_at_price_currency"":""hkd"",""compare_at_price_hkd"":""228.00"",""compare_at_price_schema"":""v1""},""price_id"":""price_1U8IfHRyM6dRKLtZxOXBpbhI""},{""metadata"":{""compare_at_price_currency"":""hkd"",""compare_at_price_hkd"":""118.00"",""compare_at_price_schema"":""v1""},""price_id"":""price_1U8IfGRyM6dRKLtZp9VesQPP""},{""metadata"":{""compare_at_price_currency"":""hkd"",""compare_at_price_hkd"":""55.00"",""compare_at_price_schema"":""v1""},""price_id"":""price_1U8IfGRyM6dRKLtZeKaymGlJ""}]"
MH-DOG-IRIS-006,新款牛肉蔬菜罐頭（New Beef & Vegetables）,prod_V8ZorEO6daplRl,onecared-can::new-beef-and-vegetables,MofuHaven_7_Flavors_Tiered_Pricing.csv,,,ONE CARE,dogs,3,3,28,"[13,13,13]","[9,9,9]",cost_cny_not_found_in_supported_product_or_active_price_fields;target_margin_not_found_or_invalid_in_supported_product_metadata;cny_to_hkd_not_found_or_invalid_in_supported_product_metadata;upward_90_rounding_not_found_or_unsupported_in_product_metadata,,,[],[],[],[],[],[],[],[],,,,,,,"{""compare_at_price_currency"":""hkd"",""compare_at_price_hkd"":""0"",""compare_at_price_schema"":""v1""}","[{""metadata"":{""compare_at_price_currency"":""hkd"",""compare_at_price_hkd"":""228.00"",""compare_at_price_schema"":""v1"",""mofu_tail_rounding_new_hkd"":""188.90"",""mofu_tail_rounding_old_hkd"":""188.00"",""mofu_tail_rounding_rule"":""ceil_to_90_v1"",""mofu_tail_rounding_source_price_id"":""price_1U8IfERyM6dRKLtZ0ghZ9Aft""},""price_id"":""price_1U8VhCRyM6dRKLtZbmo2rOZf""},{""metadata"":{""compare_at_price_currency"":""hkd"",""compare_at_price_hkd"":""118.00"",""compare_at_price_schema"":""v1"",""mofu_tail_rounding_new_hkd"":""98.90"",""mofu_tail_rounding_old_hkd"":""98.00"",""mofu_tail_rounding_rule"":""ceil_to_90_v1"",""mofu_tail_rounding_source_price_id"":""price_1U8IfERyM6dRKLtZbqgksjRu""},""price_id"":""price_1U8VhBRyM6dRKLtZULSmUBud""},{""metadata"":{""compare_at_price_currency"":""hkd"",""compare_at_price_hkd"":""55.00"",""compare_at_price_schema"":""v1"",""mofu_tail_rounding_new_hkd"":""45.90"",""mofu_tail_rounding_old_hkd"":""45.00"",""mofu_tail_rounding_rule"":""ceil_to_90_v1"",""mofu_tail_rounding_source_price_id"":""price_1U8IfERyM6dRKLtZrlgyEscS""},""price_id"":""price_1U8VhARyM6dRKLtZCksW5NjG""}]","[{""metadata"":{""compare_at_price_currency"":""hkd"",""compare_at_price_hkd"":""228.00"",""compare_at_price_schema"":""v1""},""price_id"":""price_1U8IfERyM6dRKLtZ0ghZ9Aft""},{""metadata"":{""compare_at_price_currency"":""hkd"",""compare_at_price_hkd"":""118.00"",""compare_at_price_schema"":""v1""},""price_id"":""price_1U8IfERyM6dRKLtZbqgksjRu""},{""metadata"":{""compare_at_price_currency"":""hkd"",""compare_at_price_hkd"":""55.00"",""compare_at_price_schema"":""v1""},""price_id"":""price_1U8IfERyM6dRKLtZrlgyEscS""}]"
MH-DOG-IRIS-007,白身魚口味罐頭（White Fish）,prod_V8ZpWi2bc00Aty,onecared-can::white-fish,MofuHaven_7_Flavors_Tiered_Pricing.csv,,,ONE CARE,dogs,3,3,28,"[13,13,13]","[9,9,9]",cost_cny_not_found_in_supported_product_or_active_price_fields;target_margin_not_found_or_invalid_in_supported_product_metadata;cny_to_hkd_not_found_or_invalid_in_supported_product_metadata;upward_90_rounding_not_found_or_unsupported_in_product_metadata,,,[],[],[],[],[],[],[],[],,,,,,,"{""compare_at_price_currency"":""hkd"",""compare_at_price_hkd"":""0"",""compare_at_price_schema"":""v1""}","[{""metadata"":{""compare_at_price_currency"":""hkd"",""compare_at_price_hkd"":""228.00"",""compare_at_price_schema"":""v1"",""mofu_tail_rounding_new_hkd"":""188.90"",""mofu_tail_rounding_old_hkd"":""188.00"",""mofu_tail_rounding_rule"":""ceil_to_90_v1"",""mofu_tail_rounding_source_price_id"":""price_1U8IfRRyM6dRKLtZJM9EfyC4""},""price_id"":""price_1U8VhNRyM6dRKLtZyBD2uK6n""},{""metadata"":{""compare_at_price_currency"":""hkd"",""compare_at_price_hkd"":""118.00"",""compare_at_price_schema"":""v1"",""mofu_tail_rounding_new_hkd"":""98.90"",""mofu_tail_rounding_old_hkd"":""98.00"",""mofu_tail_rounding_rule"":""ceil_to_90_v1"",""mofu_tail_rounding_source_price_id"":""price_1U8IfRRyM6dRKLtZd5R4oRTH""},""price_id"":""price_1U8VhLRyM6dRKLtZCwjfhbdt""},{""metadata"":{""compare_at_price_currency"":""hkd"",""compare_at_price_hkd"":""55.00"",""compare_at_price_schema"":""v1"",""mofu_tail_rounding_new_hkd"":""45.90"",""mofu_tail_rounding_old_hkd"":""45.00"",""mofu_tail_rounding_rule"":""ceil_to_90_v1"",""mofu_tail_rounding_source_price_id"":""price_1U8IfRRyM6dRKLtZJPS5NuSP""},""price_id"":""price_1U8VhKRyM6dRKLtZ1BP6Yc7u""}]","[{""metadata"":{""compare_at_price_currency"":""hkd"",""compare_at_price_hkd"":""228.00"",""compare_at_price_schema"":""v1""},""price_id"":""price_1U8IfRRyM6dRKLtZJM9EfyC4""},{""metadata"":{""compare_at_price_currency"":""hkd"",""compare_at_price_hkd"":""118.00"",""compare_at_price_schema"":""v1""},""price_id"":""price_1U8IfRRyM6dRKLtZd5R4oRTH""},{""metadata"":{""compare_at_price_currency"":""hkd"",""compare_at_price_hkd"":""55.00"",""compare_at_price_schema"":""v1""},""price_id"":""price_1U8IfRRyM6dRKLtZJPS5NuSP""}]"
MH-DOG-MCK-001,雞里脊 150g (犬用) (現貨 / 2027.11.11),prod_V8W0gp0Oink4Cg,雞里脊 150g (犬用) (現貨 / 2027.11.11),pet_products_clean_retail_only.csv,,,Mamacook,dogs,1,1,41,[6],[2],cost_cny_not_found_in_supported_product_or_active_price_fields;target_margin_not_found_or_invalid_in_supported_product_metadata;cny_to_hkd_not_found_or_invalid_in_supported_product_metadata;upward_90_rounding_not_found_or_unsupported_in_product_metadata,,,[],[],[],[],[],[],[],[],,,,,,,"{""compare_at_price_currency"":""hkd"",""compare_at_price_hkd"":""0"",""compare_at_price_schema"":""v1""}","[{""metadata"":{""mofu_tail_rounding_new_hkd"":""257.90"",""mofu_tail_rounding_old_hkd"":""257.40"",""mofu_tail_rounding_rule"":""ceil_to_90_v1"",""mofu_tail_rounding_source_price_id"":""price_1U8EyLRyM6dRKLtZ0L8DwRpS""},""price_id"":""price_1U8VhpRyM6dRKLtZBDNjC1P3""}]",[]
MH-DOG-PTL-001,"PETLINE 盛宴時光 雞胸肉蔬菜牛肉風味果凍包 25g×4｜PETLINE Gochisou Time Chicken Breast, Vegetable & Beef-Style Jelly Pouches 25g×4",prod_V8lAPSEzKs8rpv,batch24-2026::b24-01,batch24_product_mapping.json,batch24-products-v1,B24-01,PETLINE,dogs,1,0,50,[7],[],cost_cny_not_found_in_supported_product_or_active_price_fields;target_margin_not_found_or_invalid_in_supported_product_metadata;cny_to_hkd_not_found_or_invalid_in_supported_product_metadata;upward_90_rounding_not_found_or_unsupported_in_product_metadata,,,[],[],[],[],[],[],[],[],,,,,,,"{""compare_at_price_currency"":""hkd"",""compare_at_price_hkd"":""0"",""compare_at_price_schema"":""v1""}","[{""metadata"":{""compare_at_price_hkd"":""0""},""price_id"":""price_1U8TdxRyM6dRKLtZS4vQb2w7""}]",[]
MH-DOG-PTL-002,PETLINE 盛宴時光 雞胸肉芝士果凍包 25g×4｜PETLINE Gochisou Time Chicken Breast & Cheese Jelly Pouches 25g×4,prod_V8lAt5mJJ5YOb7,batch24-2026::b24-02,batch24_product_mapping.json,batch24-products-v1,B24-02,PETLINE,dogs,1,0,50,[7],[],cost_cny_not_found_in_supported_product_or_active_price_fields;target_margin_not_found_or_invalid_in_supported_product_metadata;cny_to_hkd_not_found_or_invalid_in_supported_product_metadata;upward_90_rounding_not_found_or_unsupported_in_product_metadata,,,[],[],[],[],[],[],[],[],,,,,,,"{""compare_at_price_currency"":""hkd"",""compare_at_price_hkd"":""0"",""compare_at_price_schema"":""v1""}","[{""metadata"":{""compare_at_price_hkd"":""0""},""price_id"":""price_1U8TdyRyM6dRKLtZYeTThu5A""}]",[]
MH-DOG-PTL-003,PETLINE 盛宴時光 雞胸肉牛奶燉芝士包 25g×4｜PETLINE Gochisou Time Chicken Breast Milk-Stew with Cheese Pouches 25g×4,prod_V8lAXdhHafIDnG,batch24-2026::b24-03,batch24_product_mapping.json,batch24-products-v1,B24-03,PETLINE,dogs,1,0,50,[7],[],cost_cny_not_found_in_supported_product_or_active_price_fields;target_margin_not_found_or_invalid_in_supported_product_metadata;cny_to_hkd_not_found_or_invalid_in_supported_product_metadata;upward_90_rounding_not_found_or_unsupported_in_product_metadata,,,[],[],[],[],[],[],[],[],,,,,,,"{""compare_at_price_currency"":""hkd"",""compare_at_price_hkd"":""0"",""compare_at_price_schema"":""v1""}","[{""metadata"":{""compare_at_price_hkd"":""0""},""price_id"":""price_1U8TdzRyM6dRKLtZcZlk1ao4""}]",[]
MH-DOG-PTL-004,PETLINE 盛宴時光 雞肉泥牛奶果凍芝士包 25g×4｜PETLINE Gochisou Time Chicken Paste Milk Jelly with Cheese Pouches 25g×4,prod_V8lAMmluHgtE1f,batch24-2026::b24-04,batch24_product_mapping.json,batch24-products-v1,B24-04,PETLINE,dogs,1,0,50,[7],[],cost_cny_not_found_in_supported_product_or_active_price_fields;target_margin_not_found_or_invalid_in_supported_product_metadata;cny_to_hkd_not_found_or_invalid_in_supported_product_metadata;upward_90_rounding_not_found_or_unsupported_in_product_metadata,,,[],[],[],[],[],[],[],[],,,,,,,"{""compare_at_price_currency"":""hkd"",""compare_at_price_hkd"":""0"",""compare_at_price_schema"":""v1""}","[{""metadata"":{""compare_at_price_hkd"":""0""},""price_id"":""price_1U8Te1RyM6dRKLtZhKa7smDU""}]",[]
